N55189	tv	tvnews	'Wheel Of Fortune' Guest Delivers Hilarious, Off The Rails Introduction	We'd like to solve the puzzle, Pat: Blair Davis' loveless marriage? On Monday, "Wheel of Fortune" welcomed as a new contestant trucking business owner Blair Davis, who offered a biting introduction for himself. When host Pat Sajak asked the man from Cardiff, California, about his family, Davis plunged into one of the darkest personal summaries the show has likely ever heard. "I've been trapped in a loveless marriage for the last 12 years to an...	https://assets.msn.com/labs/mind/AAIORni.html	[]	[{"Label": "Pat Sajak", "Type": "P", "WikidataId": "Q705419", "Confidence": 0.933, "OccurrenceOffsets": [31, 221], "SurfaceForms": ["Pat", "Pat Sajak"]}, {"Label": "Wheel of Fortune (American game show)", "Type": "N", "WikidataId": "Q3567653", "Confidence": 1.0, "OccurrenceOffsets": [80], "SurfaceForms": ["Wheel of Fortune"]}, {"Label": "Cardiff-by-the-Sea, Encinitas, California", "Type": "G", "WikidataId": "Q3400992", "Confidence": 1.0, "OccurrenceOffsets": [250], "SurfaceForms": ["Cardiff"]}, {"Label": "California", "Type": "G", "WikidataId": "Q99", "Confidence": 0.946, "OccurrenceOffsets": [259], "SurfaceForms": ["California"]}]
N42782	sports	baseball_mlb	Three takeaways from Yankees' ALCS Game 5 victory over the Astros	The Yankees kept hope alive thanks to some impressive starting pitching and a pair of early home runs.	https://assets.msn.com/labs/mind/AAJ1mE9.html	[{"Label": "New York Yankees", "Type": "O", "WikidataId": "Q213417", "Confidence": 1.0, "OccurrenceOffsets": [21], "SurfaceForms": ["Yankees"]}, {"Label": "Houston Astros", "Type": "O", "WikidataId": "Q848117", "Confidence": 1.0, "OccurrenceOffsets": [59], "SurfaceForms": ["Astros"]}]	[{"Label": "New York Yankees", "Type": "O", "WikidataId": "Q213417", "Confidence": 1.0, "OccurrenceOffsets": [4], "SurfaceForms": ["Yankees"]}]
N34694	tv	tvnews	Rosie O'Donnell: Barbara Walters Isn't 'Up to Speaking to People' Right Now	Rosie O'Donnell: Barbara Walters Isn't 'Up to Speaking to People' Right Now	https://assets.msn.com/labs/mind/AAIZa64.html	[{"Label": "Rosie O'Donnell", "Type": "P", "WikidataId": "Q272929", "Confidence": 1.0, "OccurrenceOffsets": [0], "SurfaceForms": ["Rosie O'"]}]	[{"Label": "Rosie O'Donnell", "Type": "P", "WikidataId": "Q272929", "Confidence": 1.0, "OccurrenceOffsets": [0], "SurfaceForms": ["Rosie O'"]}]
N45794	news	newscrime	Four flight attendants were arrested in Miami's airport after bringing in thousands in cash, police say	Four American Airlines flight attendants were arrested at the Miami International Airport and charged with money laundering after bringing large amounts of cash into the country, police said.	https://assets.msn.com/labs/mind/AAJcQKF.html	[]	[{"Label": "Miami International Airport", "Type": "F", "WikidataId": "Q127530", "Confidence": 1.0, "OccurrenceOffsets": [62], "SurfaceForms": ["Miami International Airport"]}, {"Label": "American Airlines", "Type": "O", "WikidataId": "Q32396", "Confidence": 0.995, "OccurrenceOffsets": [5], "SurfaceForms": ["American Airlines"]}]
N18445	sports	football_ncaa	Michigan sends breakup tweet to Notre Dame as series goes on hold	Parting is such sweet sorrow, say the Wolverines.	https://assets.msn.com/labs/mind/AAJpMXE.html	[]	[]
N63302	lifestyle	lifestylebuzz	This Wedding Photo of a Canine Best Man Captures Just How Deep a Dog's Love Truly Is	When Mark Doublet made his dog, Marley, the best man at his wedding, he took his duties very seriously, and a photo of them together has gone viral.	https://assets.msn.com/labs/mind/AAJsM5B.html	[]	[]
N10414	movies	movienews	Robert Evans, 'Chinatown' Producer and Paramount Chief, Dies at 89	Robert Evans, the Paramount executive who produced "Chinatown" and "Urban Cowboy" and whose life became as melodramatic and jaw-dropping as any of his films, died on Saturday night. He was 89. Even though Hollywood history is filled with colorful characters, few can match the tale of Evans, whose life would seem far-fetched if it were	https://assets.msn.com/labs/mind/AAJtq5E.html	[{"Label": "Robert Evans", "Type": "P", "WikidataId": "Q1826885", "Confidence": 1.0, "OccurrenceOffsets": [0], "SurfaceForms": ["Robert Evans"]}, {"Label": "Paramount chief", "Type": "C", "WikidataId": "Q2082403", "Confidence": 1.0, "OccurrenceOffsets": [39], "SurfaceForms": ["Paramount Chief"]}]	[{"Label": "Robert Evans", "Type": "P", "WikidataId": "Q1826885", "Confidence": 1.0, "OccurrenceOffsets": [0, 285], "SurfaceForms": ["Robert Evans", "Evans"]}, {"Label": "Urban Cowboy", "Type": "W", "WikidataId": "Q538042", "Confidence": 1.0, "OccurrenceOffsets": [68], "SurfaceForms": ["Urban Cowboy"]}, {"Label": "Paramount Pictures", "Type": "O", "WikidataId": "Q159846", "Confidence": 1.0, "OccurrenceOffsets": [18], "SurfaceForms": ["Paramount"]}, {"Label": "Chinatown (1974 film)", "Type": "W", "WikidataId": "Q644987", "Confidence": 1.0, "OccurrenceOffsets": [52], "SurfaceForms": ["Chinatown"]}]
N19347	news	newspolitics	Former US Senator Kay Hagan dead at 66	Former U.S. Sen. Kay Hagan, a one-time Capitol Hill intern who went on to become North Carolina's first Democratic female senator, died Monday at her Greensboro home. She was 66.	https://assets.msn.com/labs/mind/AAJtpQT.html	[{"Label": "Kay Hagan", "Type": "P", "WikidataId": "Q261003", "Confidence": 1.0, "OccurrenceOffsets": [18], "SurfaceForms": ["Kay Hagan"]}, {"Label": "United States Senate", "Type": "B", "WikidataId": "Q66096", "Confidence": 1.0, "OccurrenceOffsets": [7], "SurfaceForms": ["US Senator"]}]	[{"Label": "Kay Hagan", "Type": "P", "WikidataId": "Q261003", "Confidence": 1.0, "OccurrenceOffsets": [17], "SurfaceForms": ["Kay Hagan"]}, {"Label": "Greensboro, North Carolina", "Type": "G", "WikidataId": "Q49238", "Confidence": 1.0, "OccurrenceOffsets": [150], "SurfaceForms": ["Greensboro"]}, {"Label": "North Carolina", "Type": "G", "WikidataId": "Q1454", "Confidence": 0.999, "OccurrenceOffsets": [81], "SurfaceForms": ["North Carolina"]}, {"Label": "United States Senate", "Type": "B", "WikidataId": "Q66096", "Confidence": 1.0, "OccurrenceOffsets": [7], "SurfaceForms": ["U.S. Sen"]}]
N31801	news	newspolitics	Joe Biden reportedly denied Communion at a South Carolina church because of his stance on abortion	Joe Biden has a complicated history with the Catholic Church.	https://assets.msn.com/labs/mind/AAJwml6.html	[{"Label": "Joe Biden", "Type": "P", "WikidataId": "Q6279", "Confidence": 1.0, "OccurrenceOffsets": [0], "SurfaceForms": ["Joe Biden"]}, {"Label": "South Carolina", "Type": "G", "WikidataId": "Q1456", "Confidence": 0.999, "OccurrenceOffsets": [43], "SurfaceForms": ["South Carolina"]}]	[{"Label": "Catholic Church", "Type": "O", "WikidataId": "Q9592", "Confidence": 1.0, "OccurrenceOffsets": [45], "SurfaceForms": ["Catholic Church"]}, {"Label": "Joe Biden", "Type": "P", "WikidataId": "Q6279", "Confidence": 1.0, "OccurrenceOffsets": [0], "SurfaceForms": ["Joe Biden"]}]
N55689	sports	football_nfl	Charles Rogers, former Michigan State football, Detroit Lions star, dead at 38	Charles Rogers, the former Michigan State football star whom the Detroit Lions selected with the second overall pick in 2003 NFL draft, has died.	https://assets.msn.com/labs/mind/BBWAPO6.html	[{"Label": "Charles Rogers (American football)", "Type": "P", "WikidataId": "Q5082150", "Confidence": 0.999, "OccurrenceOffsets": [0], "SurfaceForms": ["Charles Rogers"]}, {"Label": "Detroit Lions", "Type": "O", "WikidataId": "Q271880", "Confidence": 1.0, "OccurrenceOffsets": [48], "SurfaceForms": ["Detroit Lions"]}]	[{"Label": "2003 NFL Draft", "Type": "U", "WikidataId": "Q3714946", "Confidence": 1.0, "OccurrenceOffsets": [120], "SurfaceForms": ["2003 NFL"]}, {"Label": "Charles Rogers (American football)", "Type": "P", "WikidataId": "Q5082150", "Confidence": 0.999, "OccurrenceOffsets": [0], "SurfaceForms": ["Charles Rogers"]}, {"Label": "Detroit Lions", "Type": "O", "WikidataId": "Q271880", "Confidence": 1.0, "OccurrenceOffsets": [65], "SurfaceForms": ["Detroit Lions"]}]
N35729	news	newsus	Porsche launches into second story of New Jersey building, killing 2	The Porsche went airborne off a median in Toms River, causing it to crash into a red brick building.	https://assets.msn.com/labs/mind/BBWyjM9.html	[{"Label": "Porsche", "Type": "O", "WikidataId": "Q40993", "Confidence": 0.999, "OccurrenceOffsets": [0], "SurfaceForms": ["Porsche"]}, {"Label": "New Jersey", "Type": "G", "WikidataId": "Q1408", "Confidence": 0.992, "OccurrenceOffsets": [38], "SurfaceForms": ["New Jersey"]}]	[{"Label": "Porsche", "Type": "O", "WikidataId": "Q40993", "Confidence": 0.999, "OccurrenceOffsets": [0], "SurfaceForms": ["The Porsche"]}, {"Label": "Toms River", "Type": "L", "WikidataId": "Q7820393", "Confidence": 1.0, "OccurrenceOffsets": [42], "SurfaceForms": ["Toms River"]}]
N31739	news	newscrime	'Habitual stowaway' arrested again at O'Hare, Chicago police say	A woman arrested at O'Hare International Airport on Friday night was identified by Chicago police as "known habitual stowaway" Marilyn Hartman.	https://assets.msn.com/labs/mind/AAIGE9J.html	[{"Label": "O'Hare, Chicago", "Type": "G", "WikidataId": "Q3347404", "Confidence": 1.0, "OccurrenceOffsets": [38], "SurfaceForms": ["O'Hare, Chicago"]}]	[{"Label": "Chicago Police Department", "Type": "O", "WikidataId": "Q1340186", "Confidence": 1.0, "OccurrenceOffsets": [83], "SurfaceForms": ["Chicago police"]}, {"Label": "O'Hare International Airport", "Type": "F", "WikidataId": "Q213717", "Confidence": 1.0, "OccurrenceOffsets": [20], "SurfaceForms": ["O'Hare International Airport"]}]
N6072	news	newsus	Search resumes for worker missing in New Orleans Hard Rock Hotel building site collapse that killed 2	Rescuers resumed searching Sunday for a worker trapped in rubble after a deadly construction collapse in New Orleans, officials said, but the building's instability is making for a precarious situation.	https://assets.msn.com/labs/mind/AAIHMJH.html	[]	[{"Label": "New Orleans", "Type": "G", "WikidataId": "Q34404", "Confidence": 0.999, "OccurrenceOffsets": [105], "SurfaceForms": ["New Orleans"]}]
N63045	news	newscrime	Coroner IDs man found dead in Klondike neighborhood	A man who was found dead in the Klondike neighborhood has been identified. Louisville Metro police responded to the 3200 block of Pomeroy Drive for a call of a person down Friday. Officials said Kevin Hellems, 54, was found dead inside the home from some type of foul play. No other information has been released. The death comes as a surprise to the neighbors in the area, who say they aren't used to seeing police cars and detectives on this...	https://assets.msn.com/labs/mind/AAIIbeG.html	[{"Label": "Klondike, Louisville", "Type": "G", "WikidataId": "Q6421252", "Confidence": 0.992, "OccurrenceOffsets": [30], "SurfaceForms": ["Klondike"]}]	[{"Label": "Klondike, Louisville", "Type": "G", "WikidataId": "Q6421252", "Confidence": 0.992, "OccurrenceOffsets": [32], "SurfaceForms": ["Klondike"]}, {"Label": "Louisville Metro Police Department", "Type": "O", "WikidataId": "Q6689515", "Confidence": 1.0, "OccurrenceOffsets": [75], "SurfaceForms": ["Louisville Metro police"]}]
N23979	finance	markets	China already snapping up U.S. farm goods, Trump claims	President Donald Trump boasted Sunday without providing evidence that China had "already begun" making large purchases of U.S. agricultural products as part of last week's tariff deal with Beijing.	https://assets.msn.com/labs/mind/AAIJ392.html	[{"Label": "China", "Type": "G", "WikidataId": "Q148", "Confidence": 0.99, "OccurrenceOffsets": [0], "SurfaceForms": ["China"]}, {"Label": "Donald Trump", "Type": "P", "WikidataId": "Q22686", "Confidence": 0.983, "OccurrenceOffsets": [43], "SurfaceForms": ["Trump"]}, {"Label": "United States", "Type": "G", "WikidataId": "Q30", "Confidence": 0.999, "OccurrenceOffsets": [26], "SurfaceForms": ["U.S."]}]	[{"Label": "China", "Type": "G", "WikidataId": "Q148", "Confidence": 0.99, "OccurrenceOffsets": [70], "SurfaceForms": ["China"]}, {"Label": "Agriculture", "Type": "C", "WikidataId": "Q11451", "Confidence": 1.0, "OccurrenceOffsets": [127], "SurfaceForms": ["agricultural products"]}, {"Label": "Donald Trump", "Type": "P", "WikidataId": "Q22686", "Confidence": 0.983, "OccurrenceOffsets": [0], "SurfaceForms": ["President Donald Trump"]}, {"Label": "United States", "Type": "G", "WikidataId": "Q30", "Confidence": 0.999, "OccurrenceOffsets": [122], "SurfaceForms": ["U.S."]}, {"Label": "Beijing", "Type": "G", "WikidataId": "Q956", "Confidence": 0.94, "OccurrenceOffsets": [189], "SurfaceForms": ["Beijing"]}]
N35656	travel	travelnews	Motorcyclist killed in crash on New Cut Road identified		https://assets.msn.com/labs/mind/AAIJ9gz.html	[]	[]
N43353	news	newscrime	Wedding shooter may have been avenging late stepfather's murder, authorities say	Brandon Castiglione, the groom's son, was previously charged with second-degree murder in the death of the suspect's stepfather.	https://assets.msn.com/labs/mind/AAIJbLx.html	[]	[]
N8129	news	newsworld	Elderly Japan woman rescued from Typhoon Hagibis dies after falling from helicopter; storm kills at least 33	An elderly woman was one of the more than 30 who have died in Japan from the devastating Typhoon Hagibis, officials said.	https://assets.msn.com/labs/mind/AAIJ683.html	[{"Label": "Japan", "Type": "G", "WikidataId": "Q5287", "Confidence": 0.981, "OccurrenceOffsets": [8], "SurfaceForms": ["Japan"]}, {"Label": "Typhoon Hagibis", "Type": "U", "WikidataId": "Q7861187", "Confidence": 0.995, "OccurrenceOffsets": [33], "SurfaceForms": ["Typhoon Hagibis"]}]	[{"Label": "Japan", "Type": "G", "WikidataId": "Q5287", "Confidence": 0.981, "OccurrenceOffsets": [62], "SurfaceForms": ["Japan"]}, {"Label": "Typhoon Hagibis", "Type": "U", "WikidataId": "Q7861187", "Confidence": 0.995, "OccurrenceOffsets": [89], "SurfaceForms": ["Typhoon Hagibis"]}]
N15695	sports	football_nfl	The 5 NFL teams that are most desperate for a win in Week 7	The Chiefs and Cowboys need some wins. But they aren't alone.	https://assets.msn.com/labs/mind/AAIVdJ1.html	[{"Label": "National Football League", "Type": "O", "WikidataId": "Q1215884", "Confidence": 1.0, "OccurrenceOffsets": [6], "SurfaceForms": ["NFL"]}]	[{"Label": "Kansas City Chiefs", "Type": "O", "WikidataId": "Q223522", "Confidence": 1.0, "OccurrenceOffsets": [0], "SurfaceForms": ["The Chiefs"]}, {"Label": "Dallas Cowboys", "Type": "O", "WikidataId": "Q204862", "Confidence": 1.0, "OccurrenceOffsets": [15], "SurfaceForms": ["Cowboys"]}]
N17686	news	newscrime	Suspect in Henry County murder, kidnapping arraigned		https://assets.msn.com/labs/mind/AAILSkD.html	[{"Label": "Henry County, Kentucky", "Type": "G", "WikidataId": "Q500734", "Confidence": 0.987, "OccurrenceOffsets": [11], "SurfaceForms": ["Henry County"]}]	[]
N13008	finance	finance-companies	Harley-Davidson halts production of new electric motorcycles	Harley-Davidson has halted production and deliveries of its new LiveWire electric motorcycle after reportedly discovering a problem with its charging mechanism.	https://assets.msn.com/labs/mind/AAILMf0.html	[{"Label": "Harley-Davidson", "Type": "O", "WikidataId": "Q192814", "Confidence": 1.0, "OccurrenceOffsets": [0], "SurfaceForms": ["Harley-Davidson"]}]	[{"Label": "Harley-Davidson LiveWire", "Type": "V", "WikidataId": "Q18151385", "Confidence": 1.0, "OccurrenceOffsets": [64], "SurfaceForms": ["LiveWire"]}, {"Label": "Electric motorcycles and scooters", "Type": "C", "WikidataId": "Q1327077", "Confidence": 1.0, "OccurrenceOffsets": [73], "SurfaceForms": ["electric motorcycle"]}, {"Label": "Harley-Davidson", "Type": "O", "WikidataId": "Q192814", "Confidence": 1.0, "OccurrenceOffsets": [0], "SurfaceForms": ["Harley-Davidson"]}]
N21623	news	newsus	A 'one in a million' yellow cardinal, dubbed 'Sunny,' seen in Florida	Only three yellow cardinal sightings are reported a year, making the bird's appearance a rare "one in a million" finding, an Auburn professor said.	https://assets.msn.com/labs/mind/AAIM4Ua.html	[{"Label": "Florida", "Type": "G", "WikidataId": "Q812", "Confidence": 1.0, "OccurrenceOffsets": [62], "SurfaceForms": ["Florida"]}]	[]
N62330	news	newsworld	Violent protests erupt in Spain as Catalan leaders given lengthy prison sentences	Catalonia has been pushing to secede from Spain for decades.	https://assets.msn.com/labs/mind/AAIMay0.html	[{"Label": "Spain", "Type": "G", "WikidataId": "Q29", "Confidence": 0.997, "OccurrenceOffsets": [26], "SurfaceForms": ["Spain"]}]	[{"Label": "Catalonia", "Type": "G", "WikidataId": "Q5705", "Confidence": 1.0, "OccurrenceOffsets": [0], "SurfaceForms": ["Catalonia"]}, {"Label": "Spain", "Type": "G", "WikidataId": "Q29", "Confidence": 0.997, "OccurrenceOffsets": [42], "SurfaceForms": ["Spain"]}]
N14340	news	newsworld	Security camera spots SOS from woman lost for three days in Australia	"There was a bit of euphoria that, wow there's our break," police said of the the SOS message.	https://assets.msn.com/labs/mind/AAIRvvh.html	[{"Label": "Australia", "Type": "G", "WikidataId": "Q408", "Confidence": 0.972, "OccurrenceOffsets": [], "SurfaceForms": []}]	[]
N48031	sports	basketball_nba	Ex-Maverick to pay for funeral of woman fatally shot in home by police		https://assets.msn.com/labs/mind/AAIWKrF.html	[]	[]
N62285	news	newsus	Former Florida cop won't serve jail time after accidentally killing woman, 73, in training exercise	A former Florida police officer who accidentally shot and killed a 73-year-old woman during a demonstration will not serve any jail time as part of a plea agreement.	https://assets.msn.com/labs/mind/AAIVYLY.html	[{"Label": "Florida", "Type": "G", "WikidataId": "Q812", "Confidence": 0.971, "OccurrenceOffsets": [7], "SurfaceForms": ["Florida"]}]	[{"Label": "Florida", "Type": "G", "WikidataId": "Q812", "Confidence": 0.971, "OccurrenceOffsets": [9], "SurfaceForms": ["Florida"]}]
N44383	news	newscrime	Florida police tell man to quit calling about stolen marijuana	A man in Florida repeatedly called 911 over the weekend to report that his roommate had stolen his weed, police said.	https://assets.msn.com/labs/mind/AAIPCkw.html	[{"Label": "Florida", "Type": "G", "WikidataId": "Q812", "Confidence": 0.916, "OccurrenceOffsets": [0], "SurfaceForms": ["Florida"]}]	[{"Label": "Florida", "Type": "G", "WikidataId": "Q812", "Confidence": 0.916, "OccurrenceOffsets": [9], "SurfaceForms": ["Florida"]}]
N23061	news	newscrime	Police arrest suspect in Bashford Manor double shooting	Police have identified the suspect in a double shooting that happened in Bashford Manor. On Thursday, officers arrested Matthew Martin on attempted murder and other drug-related charges. Police said Martin and one of the victims pulled out guns during an argument that happened at Martin's apartment on Goldsmith Lane Wednesday afternoon. Following the argument, both victims were shot in the back as they ran down the hallway and were transported...	https://assets.msn.com/labs/mind/AAIWlRF.html	[{"Label": "Bashford Manor, Louisville", "Type": "C", "WikidataId": "Q4866798", "Confidence": 0.98, "OccurrenceOffsets": [25], "SurfaceForms": ["Bashford Manor"]}]	[{"Label": "Bashford Manor, Louisville", "Type": "C", "WikidataId": "Q4866798", "Confidence": 0.98, "OccurrenceOffsets": [73], "SurfaceForms": ["Bashford Manor"]}]
N16290	news	newsus	Missouri man missing for a week found alive in car that crashed into ravine	Ryan Linneman, of Lee's Summit, was found by a dirt bike rider in wreckage along Interstate 470 in Kansas City, Lee's Summit police said.	https://assets.msn.com/labs/mind/AAIWxIv.html	[]	[{"Label": "Lee's Summit, Missouri", "Type": "G", "WikidataId": "Q959502", "Confidence": 1.0, "OccurrenceOffsets": [18, 112], "SurfaceForms": ["Lee's Summit", "Lee's Summit"]}, {"Label": "Interstate 470 (Kansas)", "Type": "S", "WikidataId": "Q966240", "Confidence": 1.0, "OccurrenceOffsets": [81], "SurfaceForms": ["Interstate 470 in Kansas"]}]
N6244	news	newscrime	Suspect Alfredo Vazquez pleads guilty in Clark County judges' shooting case		https://assets.msn.com/labs/mind/AAIXDmV.html	[{"Label": "Clark County, Indiana", "Type": "G", "WikidataId": "Q504441", "Confidence": 1.0, "OccurrenceOffsets": [41], "SurfaceForms": ["Clark County"]}]	[]
N45099	news	newscrime	Suspect in crossbow murder of his father arraigned		https://assets.msn.com/labs/mind/AAIZhN5.html	[]	[]
N58715	news	newsus	Officer placed on leave after threatening teen skaters at gunpoint	Witnesses said the confrontation began on Saturday night when the plain-clothes officer approached the teenagers and ordered them stop playing loud music.	https://assets.msn.com/labs/mind/AAIX0Dw.html	[]	[
N59049	news	newsworld	Three gunmen killed in Brazil airport raid, kidnapping: police	Heavily armed gunmen raided an airport in Brazil on Thursday, officials said, stealing money from an armored truck before fleeing and taking a mother and baby hostage. At least one assailant escaped to a nearby residential neighborhood, taking a mother and her baby hostage in their home, the police spokeswoman said.	https://assets.msn.com/labs/mind/AAIWzYY.html	[{"Label": "Brazil", "Type": "G", "WikidataId": "Q155", "Confidence": 0.995, "OccurrenceOffsets": [23], "SurfaceForms": ["Brazil"]}]	[{"Label": "Brazil", "Type": "G", "WikidataId": "Q155", "Confidence": 0.995, "OccurrenceOffsets": [42], "SurfaceForms": ["Brazil"]}]
N7023	lifestyle	lifestyle-news-feature	After being pushed close to extinction, this humpback whale population is making a comeback	A key population of humpback whales is in recovery after it was pushed close to extinction by centuries of exploitation, according to a new study.	https://assets.msn.com/labs/mind/AAIVdMM.html	[]	[]
N62612	news	newscrime	16-year-old injured in shooting near Churchill Downs		https://assets.msn.com/labs/mind/AAJcuGq.html	[{"Label": "Churchill Downs", "Type": "F", "WikidataId": "Q2748049", "Confidence": 1.0, "OccurrenceOffsets": [37], "SurfaceForms": ["Churchill Downs"]}]	[]
N2663	news	newsworld	16 sentenced to death for burning alive Bangladesh teen	Sixteen people were sentenced to death Thursday for burning alive a Bangladeshi teenager who refused to withdraw sexual assault charges against her head teacher.	https://assets.msn.com/labs/mind/AAJgEUG.html	[{"Label": "Bangladesh", "Type": "G", "WikidataId": "Q902", "Confidence": 1.0, "OccurrenceOffsets": [40], "SurfaceForms": ["Bangladesh"]}]	[]
N16617	news	newsus	Coast Guard searches for man who fell from cruise off Texas	The U.S. Coast Guard late Thursday said it was searching for a man who plunged into the Gulf of Mexico while the ship was about 47 miles off the coast of Galveston, Texas.	https://assets.msn.com/labs/mind/AAJk0oR.html	[{"Label": "United States Coast Guard", "Type": "O", "WikidataId": "Q11224", "Confidence": 0.995, "OccurrenceOffsets": [0], "SurfaceForms": ["Coast Guard"]}, {"Label": "Texas", "Type": "G", "WikidataId": "Q1439", "Confidence": 1.0, "OccurrenceOffsets": [54], "SurfaceForms": ["Texas"]}]	[{"Label": "United States Coast Guard", "Type": "O", "WikidataId": "Q11224", "Confidence": 0.995, "OccurrenceOffsets": [4], "SurfaceForms": ["U.S. Coast Guard"]}, {"Label": "Galveston, Texas", "Type": "G", "WikidataId": "Q135744", "Confidence": 1.0, "OccurrenceOffsets": [154], "SurfaceForms": ["Galveston"]}, {"Label": "Gulf of Mexico", "Type": "L", "WikidataId": "Q12630", "Confidence": 1.0, "OccurrenceOffsets": [88], "SurfaceForms": ["Gulf of Mexico"]}, {"Label": "Texas", "Type": "G", "WikidataId": "Q1439", "Confidence": 1.0, "OccurrenceOffsets": [165], "SurfaceForms": ["Texas"]}]
N6087	news	newsworld	U.S. bans all flights to Cuba outside Havana in latest crackdown	American Airlines and JetBlue, which fly routes to Cuba other than Havana, will have to submit to new regulations from the Transportation Department.	https://assets.msn.com/labs/mind/AAJmWjU.html	[{"Label": "Cuba", "Type": "G", "WikidataId": "Q241", "Confidence": 1.0, "OccurrenceOffsets": [25], "SurfaceForms": ["Cuba"]}, {"Label": "Havana", "Type": "G", "WikidataId": "Q1563", "Confidence": 1.0, "OccurrenceOffsets": [38], "SurfaceForms": ["Havana"]}]	[{"Label": "Cuba", "Type": "G", "WikidataId": "Q241", "Confidence": 1.0, "OccurrenceOffsets": [51], "SurfaceForms": ["Cuba"]}, {"Label": "Havana", "Type": "G", "WikidataId": "Q1563", "Confidence": 1.0, "OccurrenceOffsets": [67], "SurfaceForms": ["Havana"]}, {"Label": "JetBlue", "Type": "O", "WikidataId": "Q161086", "Confidence": 1.0, "OccurrenceOffsets": [22], "SurfaceForms": ["JetBlue"]}, {"Label": "American Airlines", "Type": "O", "WikidataId": "Q32396", "Confidence": 1.0, "OccurrenceOffsets": [0], "SurfaceForms": ["American Airlines"]}, {"Label": "United States Department of Transportation", "Type": "O", "WikidataId": "Q852211", "Confidence": 0.999, "OccurrenceOffsets": [123], "SurfaceForms": ["Transportation Department"]}]
N13231	news	newsus	Homeowner says a mystery object damaged his house. It didn't fall from a plane, FAA says	Authorities including the Federal Aviation Administration have not been able to identify a canister-type object that damaged a Kentucky man's home.	https://assets.msn.com/labs/mind/AAJmX05.html	[{"Label": "Federal Aviation Administration", "Type": "O", "WikidataId": "Q335357", "Confidence": 1.0, "OccurrenceOffsets": [80], "SurfaceForms": ["FAA"]}]	[{"Label": "Federal Aviation Administration", "Type": "O", "WikidataId": "Q335357", "Confidence": 1.0, "OccurrenceOffsets": [26], "SurfaceForms": ["Federal Aviation Administration"]}, {"Label": "Kentucky", "Type": "G", "WikidataId": "Q1603", "Confidence": 0.999, "OccurrenceOffsets": [127], "SurfaceForms": ["Kentucky"]}]
N63317	news	newscrime	Police: 4 charged with attempted murder month after shooting in SW Louisville	Four people are facing attempted murder charges for a shooting last month in southwest Louisville. According to arrest citations, a group arrived at an apartment in the 9600 block of Lamborne Boulevard on Sept. 27 and attempted to lure a male, unknown age, out of his apartment. When the victim agreed to come outside, police said Byron Kirby, 25, shot at the victim four times. The victim then ran into the woods. It's unclear if he was hit....	https://assets.msn.com/labs/mind/AAJl7MW.html	[]	[{"Label": "Louisville, Kentucky", "Type": "G", "WikidataId": "Q43668", "Confidence": 0.999, "OccurrenceOffsets": [87], "SurfaceForms": ["Louisville"]}]
N61388	movies	movies-celebrity	Judge: Brad Pitt, others can be sued over New Orleans homes	The Times-Picayune/ The New Orleans Advocate reports Pitt and other foundation directors asked the court to remove them from the lawsuit, saying they weren't personally responsible for the construction.	https://assets.msn.com/labs/mind/AAJjt04.html	[{"Label": "Brad Pitt", "Type": "P", "WikidataId": "Q35332", "Confidence": 1.0, "OccurrenceOffsets": [7], "SurfaceForms": ["Brad Pitt"]}, {"Label": "New Orleans", "Type": "G", "WikidataId": "Q34404", "Confidence": 0.998, "OccurrenceOffsets": [42], "SurfaceForms": ["New Orleans"]}]	[{"Label": "Brad Pitt", "Type": "P", "WikidataId": "Q35332", "Confidence": 1.0, "OccurrenceOffsets": [53], "SurfaceForms": ["Pitt"]}, {"Label": "The Times-Picayune/The New Orleans Advocate", "Type": "N", "WikidataId": "Q3115193", "Confidence": 1.0, "OccurrenceOffsets": [4, 20], "SurfaceForms": ["Times-Picayune", "The New Orleans Advocate"]}]
N59359	news	newscrime	Police Arrest Motorcyclist Who Led High-Speed Chase And Went Home Thinking He Escaped	A motorcyclist was arrested after leading California Highway Patrol units on a high-speed chase in Placerville on Saturday.	https://assets.msn.com/labs/mind/AAJpHqU.html	[]	[{"Label": "Placerville, California", "Type": "G", "WikidataId": "Q927485", "Confidence": 0.999, "OccurrenceOffsets": [99], "SurfaceForms": ["Placerville"]}, {"Label": "California Highway Patrol", "Type": "O", "WikidataId": "Q2249117", "Confidence": 1.0, "OccurrenceOffsets": [42], "SurfaceForms": ["California Highway Patrol"]}]
N51163	lifestyle	lifestylebuzz	He grew a 910-pound pumpkin and then used it as a boat	Instead of making a giant jack o'lantern or a massive pie that could feed the whole town, a farmer in Tennessee took his 910-pound pumpkin out for a spin in his pond.	https://assets.msn.com/labs/mind/AAJcBAE.html	[]	[{"Label": "Tennessee", "Type": "G", "WikidataId": "Q1509", "Confidence": 0.99, "OccurrenceOffsets": [102], "SurfaceForms": ["Tennessee"]}]
N30698	news	newsus	Cranes remove bus partially swallowed by Pittsburgh sinkhole	A bus that was partially swallowed when a sinkhole opened during morning rush hour in downtown Pittsburgh has been removed from the hole. Authorities said earlier Monday that two cranes arrived to remove the city bus.	https://assets.msn.com/labs/mind/AAJsSxE.html	[{"Label": "Pittsburgh", "Type": "G", "WikidataId": "Q1342", "Confidence": 0.985, "OccurrenceOffsets": [41], "SurfaceForms": ["Pittsburgh"]}]	[{"Label": "Pittsburgh", "Type": "G", "WikidataId": "Q1342", "Confidence": 0.985, "OccurrenceOffsets": [95], "SurfaceForms": ["Pittsburgh"]}]
N34567	news	newscrime	Grandfather charged in death of toddler who fell on cruise ship in Puerto Rico	A grandfather who police say dropped his young niece from the 11th floor of a cruise ship docked in Puerto Rico in July has been accused of negligent homicide.	https://assets.msn.com/labs/mind/AAJvsg0.html	[{"Label": "Puerto Rico", "Type": "G", "WikidataId": "Q1183", "Confidence": 0.992, "OccurrenceOffsets": [67], "SurfaceForms": ["Puerto Rico"]}]	[{"Label": "Puerto Rico", "Type": "G", "WikidataId": "Q1183", "Confidence": 0.992, "OccurrenceOffsets": [100], "SurfaceForms": ["Puerto Rico"]}]
N54225	news	newsus	Multiple Houses on Fire After Plane Crashes in NJ	At least two houses are on fire in Colonia, New Jersey, after a plane crash, according to the Colonia Fire Department. A Cessna 414 crashed into a home on Berkley Avenue at 11 a.m. Tuesday, according to the FAA. The FAA will conduct an investigation into the cause of the crash. The number of people aboard and their conditions are unknown. The area is a heavy residential area with tree-lined streets. News 4's Dennis Protsko, who is part of the...	https://assets.msn.com/labs/mind/AAJwuEY.html	[]	[{"Label": "Federal Aviation Administration", "Type": "O", "WikidataId": "Q335357", "Confidence": 0.998, "OccurrenceOffsets": [207, 216], "SurfaceForms": ["FAA", "FAA"]}, {"Label": "Cessna", "Type": "O", "WikidataId": "Q308889", "Confidence": 1.0, "OccurrenceOffsets": [121], "SurfaceForms": ["Cessna"]}, {"Label": "New Jersey", "Type": "G", "WikidataId": "Q1408", "Confidence": 0.998, "OccurrenceOffsets": [44], "SurfaceForms": ["New Jersey"]}, {"Label": "Colonia, New Jersey", "Type": "G", "WikidataId": "Q978569", "Confidence": 1.0, "OccurrenceOffsets": [35], "SurfaceForms": ["Colonia"]}]
N32852	news	newsus	Nearly $400M worth of cocaine and marijuana intercepted by US Coast Guard	The U.S. Coast Guard announced that it seized nearly $367 million of cocaine and about 11,000 pounds of marijuana worth an estimated $10.1 million at a Florida port.	https://assets.msn.com/labs/mind/AAJwQnu.html	[{"Label": "United States Coast Guard", "Type": "O", "WikidataId": "Q11224", "Confidence": 1.0, "OccurrenceOffsets": [59], "SurfaceForms": ["US Coast Guard"]}]	[{"Label": "United States Coast Guard", "Type": "O", "WikidataId": "Q11224", "Confidence": 1.0, "OccurrenceOffsets": [4], "SurfaceForms": ["U.S. Coast Guard"]}, {"Label": "Florida", "Type": "G", "WikidataId": "Q812", "Confidence": 1.0, "OccurrenceOffsets": [152], "SurfaceForms": ["Florida"]}]
N55833	news	newscrime	Oldham County man charged, injuring victim during shooting practice		https://assets.msn.com/labs/mind/AAJynWv.html	[{"Label": "Oldham County, Kentucky", "Type": "G", "WikidataId": "Q505515", "Confidence": 1.0, "OccurrenceOffsets": [0], "SurfaceForms": ["Oldham County"]}]	[]
N64467	news	newsus	Former Fox News hosts want out of non-disclosure agreements	In the wake of the Me Too movement, women are calling them unfair silencers that sweep sexual misconduct claims under the rug	https://assets.msn.com/labs/mind/AAJzGHw.html	[{"Label": "Fox News", "Type": "M", "WikidataId": "Q186068", "Confidence": 1.0, "OccurrenceOffsets": [7], "SurfaceForms": ["Fox News"]}]	[{"Label": "Me Too movement", "Type": "P", "WikidataId": "Q42133786", "Confidence": 0.984, "OccurrenceOffsets": [19], "SurfaceForms": ["Me Too"]}]
N3142	health	health-news	Teen wins science competition with liquid bandage invention	Kara Fan beat nine other finalists and hundreds of students who submitted ideas in the 3Mâ€‹ Young Scientist Challenge, winning $25,000.	https://assets.msn.com/labs/mind/AAJBaFo.html	[{"Label": "WINS (AM)", "Type": "M", "WikidataId": "Q3564690", "Confidence": 0.909, "OccurrenceOffsets": [5], "SurfaceForms": ["wins"]}]
N13912	travel	traveltips	A lawyer reveals a legal nightmare you can face on a cruise ship	Cruise ship passengers can be exposed to legal systems that don't provide the same protections they would find in the US.	https://assets.msn.com/labs/mind/BBUyNUl.html	[]	[{"Label": "Cruise ship", "Type": "C", "WikidataId": "Q39804", "Confidence": 0.999, "OccurrenceOffsets": [0], "SurfaceForms": ["Cruise"]}]
N29802	finance	finance-companies	Barneys Is Sold for Scrap, Ending an Era	Authentic Brands Group will take control of the Barneys name   one that has been part of the Manhattan landscape since 1923   and license it to other companies like Saks Fifth Avenue. The firm B. Riley Financial is preparing to liquidate Barneys' high-end wares, at its five stores and two Warehouse locations, starting with private sale events for Barneys' "most loyal" shoppers next week.	https://assets.msn.com/labs/mind/AAJHDUC.html	[{"Label": "Barneys New York", "Type": "O", "WikidataId": "Q59465", "Confidence": 1.0, "OccurrenceOffsets": [0], "SurfaceForms": ["Barneys"]}, {"Label": "Ship breaking", "Type": "C", "WikidataId": "Q336332", "Confidence": 1.0, "OccurrenceOffsets": [11], "SurfaceForms": ["Sold for Scrap"]}]	[{"Label": "Barneys New York", "Type": "O", "WikidataId": "Q59465", "Confidence": 1.0, "OccurrenceOffsets": [48, 238, 349], "SurfaceForms": ["Barneys", "Barneys", "Barneys"]}, {"Label": "Manhattan", "Type": "G", "WikidataId": "Q11299", "Confidence": 0.999, "OccurrenceOffsets": [93], "SurfaceForms": ["Manhattan"]}, {"Label": "Saks Fifth Avenue", "Type": "O", "WikidataId": "Q2723882", "Confidence": 1.0, "OccurrenceOffsets": [165], "SurfaceForms": ["Saks Fifth Avenue"]}, {"Label": "Authentic Brands Group", "Type": "O", "WikidataId": "Q17004742", "Confidence": 1.0, "OccurrenceOffsets": [0], "SurfaceForms": ["Authentic Brands Group"]}]
N44462	news	newscrime	Louisville man who shot at LMPD officer sentenced to 10 more years in prison	A Louisville man convicted of shooting at an officer was sentenced Friday. Judge David Hale sentenced Elijah Eubanks, 22, to 119 months in prison for a federal weapons charge. Sign up for our Newsletters In March 2018, Eubanks opened fire on an officer who was attempting to question him while he was in his vehicle with another person. No officers were hit, but Eubanks was shot multiple times when officers returned fire. Eubanks was previously...	https://assets.msn.com/labs/mind/AAJIlff.html	[{"Label": "Louisville, Kentucky", "Type": "G", "WikidataId": "Q43668", "Confidence": 0.998, "OccurrenceOffsets": [0], "SurfaceForms": ["Louisville"]}, {"Label": "Louisville Metro Police Department", "Type": "O", "WikidataId": "Q6689515", "Confidence": 1.0, "OccurrenceOffsets": [27], "SurfaceForms": ["LMPD"]}]	[{"Label": "Louisville, Kentucky", "Type": "G", "WikidataId": "Q43668", "Confidence": 0.998, "OccurrenceOffsets": [2], "SurfaceForms": ["Louisville"]}, {"Label": "David J. Hale", "Type": "P", "WikidataId": "Q16196969", "Confidence": 0.98, "OccurrenceOffsets": [81], "SurfaceForms": ["David Hale"]}]
N29948	lifestyle	lifestyle-news-feature	A White Woman Searches for Her Black Family	DNA testing tells people a lot about their geographic ancestry, prompting difficult questions about racial identity and belonging. "In my heart, I feel a connection."	https://assets.msn.com/labs/mind/AAJIcRT.html	[{"Label": "Black Guerrilla Family", "Type": "O", "WikidataId": "Q2036610", "Confidence": 0.936, "OccurrenceOffsets": [31], "SurfaceForms": ["Black Family"]}]	[{"Label": "DNA", "Type": "U", "WikidataId": "Q7430", "Confidence": 0.995, "OccurrenceOffsets": [0], "SurfaceForms": ["DNA"]}]
N4486	news	newsus	Florida air show crash: Pilot killed when plane crashes	An airplane crashed Friday afternoon at an air show in Florida, killing the pilot, Martin County Sheriff William Snyder said.	https://assets.msn.com/labs/mind/AAJIgh9.html	[{"Label": "Air show", "Type": "U", "WikidataId": "Q1070669", "Confidence": 1.0, "OccurrenceOffsets": [8], "SurfaceForms": ["air show"]}, {"Label": "Florida", "Type": "G", "WikidataId": "Q812", "Confidence": 0.998, "OccurrenceOffsets": [0], "SurfaceForms": ["Florida"]}]	[{"Label": "Air show", "Type": "U", "WikidataId": "Q1070669", "Confidence": 1.0, "OccurrenceOffsets": [43], "SurfaceForms": ["air show"]}, {"Label": "Florida", "Type": "G", "WikidataId": "Q812", "Confidence": 0.998, "OccurrenceOffsets": [55], "SurfaceForms": ["Florida"]}]
N5398	news	newscrime	Suspects identified following hours-long SWAT standoff on South 34th Street		https://assets.msn.com/labs/mind/AAJInNC.html	[{"Label": "34th Street (Manhattan)", "Type": "S", "WikidataId": "Q110049", "Confidence": 0.968, "OccurrenceOffsets": [64], "SurfaceForms": ["34th Street"]}, {"Label": "SWAT", "Type": "U", "WikidataId": "Q324563", "Confidence": 0.997, "OccurrenceOffsets": [41], "SurfaceForms": ["SWAT"]}]	[]
N14761	weather	weathertopstories	Niagara Falls: Boat stuck on rocks 101 years dislodged	High winds and heavy rains dislodged the remains of a barge in the rapids above Niagara Falls that had been there 101 years.	https://assets.msn.com/labs/mind/AAJKC6B.html	[]	[]
N47020	news	newsopinion	The News In Cartoons	News as seen through the eyes of the nation's editorial cartoonists.	https://assets.msn.com/labs/mind/AAJ7oYd.html	[]	[]
N65112	news	newscrime	Family says 16-year-old was victim hit, killed on I-64	The person struck by 5 vehicles on Interstate 64 Friday night was a 16-year-old girl, according to family members. The girl's father, Ronnie Click, spoke with WHAS11 News Saturday and said his daughter Brea was killed in that incident. Police responded to I-64 near the 22nd Street exit after they received reports that a person had been hit while walking in the slow lane. RELATED: LMPD: Pedestrian struck and killed on I-64 E at 22nd Street Once...	https://assets.msn.com/labs/mind/AAJL9u5.html	[{"Label": "Interstate 64", "Type": "S", "WikidataId": "Q94388", "Confidence": 1.0, "OccurrenceOffsets": [50], "SurfaceForms": ["I-64"]}]	[{"Label": "Interstate 64", "Type": "S", "WikidataId": "Q94388", "Confidence": 1.0, "OccurrenceOffsets": [35, 256], "SurfaceForms": ["Interstate 64", "I-64"]}, {"Label": "Louisville Metro Police Department", "Type": "O", "WikidataId": "Q6689515", "Confidence": 1.0, "OccurrenceOffsets": [383], "SurfaceForms": ["LMPD"]}, {"Label": "WHAS-TV", "Type": "M", "WikidataId": "Q7950052", "Confidence": 1.0, "OccurrenceOffsets": [159], "SurfaceForms": ["WHAS11"]}]
N31699	news	newscrime	Woman stabbed in 2015 home invasion suing 911 dispatch company	Breann Lasley has filed a civil lawsuit against Priority Dispatch Corp., alleging "gross negligence," but the company said its system was never used.	https://assets.msn.com/labs/mind/AAJICQp.html	[]	[]
N37159	foodanddrink	restaurantsandnews	National Sandwich Day: Where to score free subs and meal deals Sunday	National Sandwich Day is a day for free food, deals and discounts at Jimmy John's, Jersey Mike's Subs, Subway, Potbelly Sandwich Shop and more.	https://assets.msn.com/labs/mind/AAJIGKN.html	[]	[{"Label": "Jimmy John's", "Type": "O", "WikidataId": "Q1689380", "Confidence": 0.999, "OccurrenceOffsets": [69], "SurfaceForms": ["Jimmy John's"]}, {"Label": "Subway (restaurant)", "Type": "O", "WikidataId": "Q244457", "Confidence": 1.0, "OccurrenceOffsets": [103], "SurfaceForms": ["Subway"]}, {"Label": "Potbelly Sandwich Shop", "Type": "N", "WikidataId": "Q7234777", "Confidence": 1.0, "OccurrenceOffsets": [111], "SurfaceForms": ["Potbelly Sandwich Shop"]}, {"Label": "Jersey Mike's Subs", "Type": "O", "WikidataId": "Q6184897", "Confidence": 1.0, "OccurrenceOffsets": [83], "SurfaceForms": ["Jersey Mike's Subs"]}]
N61101	news	newscrime	Resident recalls moments leading up to fatal shooting in Russell neighborhood	In the Russell neighborhood, crime tape has become a well known sight that's why Lisa Tutt encourages her son and his friends to hang out at her house. READ THE FULL STORY:Resident recalls moments leading up to fatal shooting in Russell neighborhood Sign up for our Newsletters CHECK OUT WLKY:Live. Local. Late-Breaking. Get the top Louisville news, weather and sports from the team at WLKY   online, anytime.	https://assets.msn.com/labs/mind/AAJLbVA.html	[]	[]
N34333	autos	autosnews	WB Lanes Of I-70 At Vail Pass Reopen After Semi Crash	A semi crash closed westbound lanes of Interstate 70 on Monday morning. The semi came to a stop over the center concrete barrier.	https://assets.msn.com/labs/mind/AAJuDzb.html	[{"Label": "Vail Pass", "Type": "L", "WikidataId": "Q124381", "Confidence": 1.0, "OccurrenceOffsets": [20], "SurfaceForms": ["Vail Pass"]}]	[]
N10438	lifestyle	lifestylebuzz	Pope Lick Legend: Loved ones of those who died on trestle push for change	Legends of a monster living under a dangerous train trestle have lured people to a quiet Louisville creek for decades. Some swear they have seen proof of a human-goat hybrid terrorizing the area. Others leave with no sightings and no story to tell. Those are the lucky ones. The story of a "Pope Lick Monster" or "Goatman" haunting the trestle at Pope Lick Creek has been commonplace in Louisville even becoming the focus of a movie in the late...	https://assets.msn.com/labs/mind/AAJNvrB.html	[]	[{"Label": "Louisville, Kentucky", "Type": "G", "WikidataId": "Q43668", "Confidence": 0.953, "OccurrenceOffsets": [89, 387], "SurfaceForms": ["Louisville", "Louisville"]}, {"Label": "Pope Lick Monster", "Type": "U", "WikidataId": "Q7229213", "Confidence": 1.0, "OccurrenceOffsets": [291, 314, 347], "SurfaceForms": ["Pope Lick Monster", "Goatman", "Pope"]}]
N61355	news	newscrime	2 Murder suspects escape from Monterey County, California, Jail	The suspects are considered dangerous and should not be approached. Anyone who sees them should call 911 immediately.	https://assets.msn.com/labs/mind/AAJNt0y.html	[{"Label": "Monterey County, California", "Type": "G", "WikidataId": "Q108072", "Confidence": 1.0, "OccurrenceOffsets": [30], "SurfaceForms": ["Monterey County"]}, {"Label": "California", "Type": "G", "WikidataId": "Q99", "Confidence": 1.0, "OccurrenceOffsets": [47], "SurfaceForms": ["California"]}]	[]
N21164	news	newsus	Pirates kidnap nine crew members from cargo ship off coast of Benin	Pirates boarded a shipping vessel and kidnapped nine crew members off the coast of Benin in West Africa early Saturday morning, according to J.J. Ugland, the Norwegian shipping company which owns the vessel.	https://assets.msn.com/labs/mind/AAJNxk1.html	[{"Label": "Benin", "Type": "G", "WikidataId": "Q962", "Confidence": 1.0, "OccurrenceOffsets": [62], "SurfaceForms": ["Benin"]}]	[{"Label": "Benin", "Type": "G", "WikidataId": "Q962", "Confidence": 1.0, "OccurrenceOffsets": [83], "SurfaceForms": ["Benin"]}, {"Label": "J. J. Ugland", "Type": "O", "WikidataId": "Q6106159", "Confidence": 1.0, "OccurrenceOffsets": [141], "SurfaceForms": ["J.J. Ugland"]}, {"Label": "West Africa", "Type": "G", "WikidataId": "Q4412", "Confidence": 1.0, "OccurrenceOffsets": [92], "SurfaceForms": ["West Africa"]}]
N22976	news	newsus	The Sante Fe High School massacre suspect isn't fit to stand trial and will get psychiatric treatment, attorney says	Dimitrios Pagourtzis is accused of killing eight students and two teachers at his Texas high school last year.	https://assets.msn.com/labs/mind/AAJQytF.html	[]	[{"Label": "Santa Fe High School shooting", "Type": "N", "WikidataId": "Q53725630", "Confidence": 1.0, "OccurrenceOffsets": [0], "SurfaceForms": ["Dimitrios Pagourtzis"]}, {"Label": "Texas High School", "Type": "F", "WikidataId": "Q7707730", "Confidence": 1.0, "OccurrenceOffsets": [82], "SurfaceForms": ["Texas high school"]}]
N2511	foodanddrink	foodnews	Krispy Kreme orders Minnesota student who bought, resold doughnuts to 'shut down operations'	The people of Minnesota appear to once again be without Krispy Kreme doughnuts.	https://assets.msn.com/labs/mind/AAJPaAb.html	[{"Label": "Krispy Kreme", "Type": "O", "WikidataId": "Q1192805", "Confidence": 1.0, "OccurrenceOffsets": [0], "SurfaceForms": ["Krispy Kreme"]}, {"Label": "Minnesota", "Type": "G", "WikidataId": "Q1527", "Confidence": 0.993, "OccurrenceOffsets": [20], "SurfaceForms": ["Minnesota"]}]	[{"Label": "Krispy Kreme", "Type": "O", "WikidataId": "Q1192805", "Confidence": 1.0, "OccurrenceOffsets": [56], "SurfaceForms": ["Krispy Kreme"]}, {"Label": "Minnesota", "Type": "G", "WikidataId": "Q1527", "Confidence": 0.993, "OccurrenceOffsets": [14], "SurfaceForms": ["Minnesota"]}]
N48390	travel	travelnews	First round of auctions begin for Joe Ley Antiques		https://assets.msn.com/labs/mind/AAJUlMn.html	[]	[]
N58224	news	newscrime	13-year-old charged with two murders escapes custody in North Carolina	Officials said they have concerns for public safety due to the teen's "prior history of assaultive and unpredictable behavior."	https://assets.msn.com/labs/mind/AAJUr74.html	[{"Label": "North Carolina", "Type": "G", "WikidataId": "Q1454", "Confidence": 0.987, "OccurrenceOffsets": [56], "SurfaceForms": ["North Carolina"]}]	[]
N48742	news	newscrime	Before his execution, a death row inmate told his victim's family he forgives them	Charles Rhines, who was convicted of murder in the brutal stabbing of a 22-year-old man in 1992, was executed in South Dakota Monday, the state's attorney general said, after the Supreme Court denied a last-ditch appeal of his case.	https://assets.msn.com/labs/mind/AAJT0gz.html	[]	[{"Label": "South Dakota", "Type": "G", "WikidataId": "Q1211", "Confidence": 0.999, "OccurrenceOffsets": [113], "SurfaceForms": ["South Dakota"]}]
N35458	finance	markets	Brazil oil auction a 'total disaster' as bidders stay away	Brazil's largest-ever auction of oil deposits flopped, sending the real tumbling, after state-controlled Petroleo Brasileiro SA did most of the bidding while other major oil companies stayed away.	https://assets.msn.com/labs/mind/AAJX4Yv.html	[{"Label": "Brazil", "Type": "G", "WikidataId": "Q155", "Confidence": 1.0, "OccurrenceOffsets": [0], "SurfaceForms": ["Brazil"]}]	[{"Label": "Petrobras", "Type": "O", "WikidataId": "Q210047", "Confidence": 1.0, "OccurrenceOffsets": [105], "SurfaceForms": ["Petroleo Brasileiro SA"]}, {"Label": "Brazil", "Type": "G", "WikidataId": "Q155", "Confidence": 1.0, "OccurrenceOffsets": [0], "SurfaceForms": ["Brazil"]}]
N24611	news	newscrime	Former Jewish Hospital nurse to be arraigned on sexual abuse of patient charge	According to court documents, Dorsey told the woman "repeatedly" that, "I would like to video you."	https://assets.msn.com/labs/mind/AAJY1Ib.html	[{"Label": "Jewish Hospital (Cincinnati, Ohio)", "Type": "F", "WikidataId": "Q6189853", "Confidence": 0.909, "OccurrenceOffsets": [7], "SurfaceForms": ["Jewish Hospital"]}]	[]
N37509	news	newsus	A man dies in Hawaii after falling into a lava tube in his yard	An elderly man died after falling into a lava tube on his property in Hilo, Hawaii, police announced on Wednesday.	https://assets.msn.com/labs/mind/AAJXRro.html	[]	[{"Label": "Hawaii (island)", "Type": "L", "WikidataId": "Q68740", "Confidence": 0.906, "OccurrenceOffsets": [76], "SurfaceForms": ["Hawaii"]}, {"Label": "Hilo, Hawaii", "Type": "G", "WikidataId": "Q216258", "Confidence": 1.0, "OccurrenceOffsets": [70], "SurfaceForms": ["Hilo"]}]
N21773	travel	travelnews	Lumber spilled on I-71 following rollover crash; Lanes shut down		https://assets.msn.com/labs/mind/BBWpC9z.html	[{"Label": "Interstate 71", "Type": "S", "WikidataId": "Q94639", "Confidence": 1.0, "OccurrenceOffsets": [18], "SurfaceForms": ["I-71"]}]	[]
N41011	news	newsworld	For the first time, a man has been sentenced for sexual slavery by the International Criminal Court. He got 30 years.	Bosco Ntaganda is a former Congolese rebel nicknamed the "Terminator." The ICC convicted him on 18 counts including murder, sexual slavery and using child soldiers.	https://assets.msn.com/labs/mind/BBWpQyW.html	[{"Label": "International Criminal Court", "Type": "F", "WikidataId": "Q47488", "Confidence": 1.0, "OccurrenceOffsets": [71], "SurfaceForms": ["International Criminal Court"]}]	[{"Label": "Bosco Ntaganda", "Type": "P", "WikidataId": "Q247250", "Confidence": 1.0, "OccurrenceOffsets": [0], "SurfaceForms": ["Bosco Ntaganda"]}, {"Label": "International Criminal Court", "Type": "F", "WikidataId": "Q47488", "Confidence": 1.0, "OccurrenceOffsets": [75], "SurfaceForms": ["ICC"]}]
N19041	news	newscrime	Kroger shooting: Suspect coming out of store fires at officers before they shoot him dead		https://assets.msn.com/labs/mind/BBWqJj9.html	[{"Label": "Kroger", "Type": "O", "WikidataId": "Q153417", "Confidence": 0.967, "OccurrenceOffsets": [0], "SurfaceForms": ["Kroger"]}]	[]
N25785	sports	football_nfl	OJ Simpson suing Vegas hotel for defamation over 2017 TMZ story claiming 'belligerence'		https://assets.msn.com/labs/mind/BBWtGQ1.html	[{"Label": "O. J. Simpson", "Type": "P", "WikidataId": "Q44473", "Confidence": 1.0, "OccurrenceOffsets": [0], "SurfaceForms": ["OJ Simpson"]}, {"Label": "TMZ", "Type": "M", "WikidataId": "Q2630118", "Confidence": 0.996, "OccurrenceOffsets": [54], "SurfaceForms": ["TMZ"]}]	[]
N20678	sports	more_sports	Bode Miller delivered his twin boys after midwife didn't make it time for the birth	Bode Miller added yet another impressive title to his list of accomplishments Friday.	https://assets.msn.com/labs/mind/BBWERWB.html	[{"Label": "Bode Miller", "Type": "P", "WikidataId": "Q2129", "Confidence": 1.0, "OccurrenceOffsets": [0], "SurfaceForms": ["Bode Miller"]}]	[{"Label": "Bode Miller", "Type": "P", "WikidataId": "Q2129", "Confidence": 1.0, "OccurrenceOffsets": [0], "SurfaceForms": ["Bode Miller"]}]
N39317	news	newspolitics	Senior Trump official embellished rÃ©sumÃ©, had face on fake Time cover	State Dept. official Mina Chang claimed to be a Harvard Business School "alumna" who ran a nonprofit that worked in 40 countries.	https://assets.msn.com/labs/mind/BBWEmIj.html	[{"Label": "Donald Trump", "Type": "P", "WikidataId": "Q22686", "Confidence": 0.983, "OccurrenceOffsets": [7], "SurfaceForms": ["Trump"]}]	[{"Label": "Harvard Business School", "Type": "O", "WikidataId": "Q49126", "Confidence": 1.0, "OccurrenceOffsets": [48], "SurfaceForms": ["Harvard Business School"]}, {"Label": "United States Department of State", "Type": "O", "WikidataId": "Q789915", "Confidence": 1.0, "OccurrenceOffsets": [0], "SurfaceForms": ["State Dept"]}]
N58114	autos	autosnews	2020 Ford Explorer launch hardly went according to plan, company admits		https://assets.msn.com/labs/mind/BBWEGnz.html	[{"Label": "Ford Explorer", "Type": "V", "WikidataId": "Q598084", "Confidence": 1.0, "OccurrenceOffsets": [5], "SurfaceForms": ["Ford Explorer"]}]	[
N20495	news	newscrime	Mother of missing Florida girl charged; human remains found	Police searching for a 5-year-old Florida girl who was reported missing last week by her mother found human remains in rural Alabama, authorities said Tuesday.	https://assets.msn.com/labs/mind/BBWEIZi.html	[{"Label": "Florida", "Type": "G", "WikidataId": "Q812", "Confidence": 0.999, "OccurrenceOffsets": [18], "SurfaceForms": ["Florida"]}]	[{"Label": "Alabama", "Type": "G", "WikidataId": "Q173", "Confidence": 0.999, "OccurrenceOffsets": [125], "SurfaceForms": ["Alabama"]}, {"Label": "Florida", "Type": "G", "WikidataId": "Q812", "Confidence": 0.999, "OccurrenceOffsets": [34], "SurfaceForms": ["Florida"]}]
N42977	news	newsus	'It's not over': Sarah Palin says she is fighting to repair her marriage	Former Alaska Gov. Sarah Palin said she learned her husband, Todd, wanted a divorce in an email from his lawyer and that the two are seeking counseling.	https://assets.msn.com/labs/mind/BBWF2FT.html	[{"Label": "Sarah Palin", "Type": "P", "WikidataId": "Q43144", "Confidence": 1.0, "OccurrenceOffsets": [17], "SurfaceForms": ["Sarah Palin"]}]	[{"Label": "Sarah Palin", "Type": "P", "WikidataId": "Q43144", "Confidence": 1.0, "OccurrenceOffsets": [19], "SurfaceForms": ["Sarah Palin"]}, {"Label": "Todd Palin", "Type": "P", "WikidataId": "Q1265214", "Confidence": 0.973, "OccurrenceOffsets": [61], "SurfaceForms": ["Todd"]}, {"Label": "Alaska", "Type": "G", "WikidataId": "Q797", "Confidence": 0.962, "OccurrenceOffsets": [7], "SurfaceForms": ["Alaska"]}, {"Label": "Governorship of Sarah Palin", "Type": "P", "WikidataId": "Q5589801", "Confidence": 0.999, "OccurrenceOffsets": [14], "SurfaceForms": ["Gov."]}]
N22407	finance	markets	Wealthy investors are bracing for a sharp stock sell-off in 2020	More than half of the world's wealthiest investors are hedging for a sharp drop in financial markets before the end of next year, says UBS.	https://assets.msn.com/labs/mind/BBWEQm9.html	[]	[{"Label": "UBS", "Type": "O", "WikidataId": "Q193199", "Confidence": 1.0, "OccurrenceOffsets": [135], "SurfaceForms": ["UBS"]}]
N14592	entertainment	entertainment-celebrity	Chrissy Teigen's weekend was basically a clapback double-header, plus more news	Chrissy Teigen gives us two more lessons in the art of the clapback. Plus, more celebrity news for Nov. 12, 2019.	https://assets.msn.com/labs/mind/BBWF0Kt.html	[{"Label": "Chrissy Teigen", "Type": "P", "WikidataId": "Q5111202", "Confidence": 1.0, "OccurrenceOffsets": [0], "SurfaceForms": ["Chrissy Teigen"]}]	[{"Label": "Chrissy Teigen", "Type": "P", "WikidataId": "Q5111202", "Confidence": 1.0, "OccurrenceOffsets": [0], "SurfaceForms": ["Chrissy Teigen"]}]
N17059	finance	finance-companies	No. 1 milk company declares bankruptcy amid drop in demand	Dean Foods blamed a decadeslong drop in milk consumption that has seen people turn to alternatives like soda, juice and almond milk.	https://assets.msn.com/labs/mind/BBWE1bu.html	[]	[{"Label": "Dean Foods", "Type": "O", "WikidataId": "Q645072", "Confidence": 1.0, "OccurrenceOffsets": [0], "SurfaceForms": ["Dean Foods"]}
N33677	tv	tv-celebrity	Marie Osmond 'chipped off a piece' of her kneecap when she fell on stage during performance	Marie Osmond reveals that she chipped her knee when she fell during her Las Vegas residency performance last week.	https://assets.msn.com/labs/mind/BBWExWW.html	[{"Label": "Marie Osmond", "Type": "P", "WikidataId": "Q465641", "Confidence": 1.0, "OccurrenceOffsets": [0], "SurfaceForms": ["Marie Osmond"]}]	[{"Label": "Marie Osmond", "Type": "P", "WikidataId": "Q465641", "Confidence": 1.0, "OccurrenceOffsets": [0], "SurfaceForms": ["Marie Osmond"]}, {"Label": "Las Vegas", "Type": "G", "WikidataId": "Q23768", "Confidence": 0.974, "OccurrenceOffsets": [72], "SurfaceForms": ["Las Vegas"]}
N7821	sports	football_nfl	'Monday Night Football' commentator under fire after belittling criticism of 49ers kicker for missed field goal	Joe Tessitore called out 49ers kicker Chase McLaughlin after he shanked a potential game-winning kick in San Francisco, and some fans weren't happy.	https://assets.msn.com/labs/mind/BBWEzFm.html	[{"Label": "San Francisco 49ers", "Type": "O", "WikidataId": "Q337758", "Confidence": 1.0, "OccurrenceOffsets": [77], "SurfaceForms": ["49ers"]}, {"Label": "Monday Night Football", "Type": "W", "WikidataId": "Q1088765", "Confidence": 1.0, "OccurrenceOffsets": [1], "SurfaceForms": ["Monday Night Football"]}]	[{"Label": "Joe Tessitore", "Type": "P", "WikidataId": "Q6212629", "Confidence": 1.0, "OccurrenceOffsets": [0], "SurfaceForms": ["Joe Tessitore"]}, {"Label": "San Francisco 49ers", "Type": "O", "WikidataId": "Q337758", "Confidence": 1.0, "OccurrenceOffsets": [25, 105], "SurfaceForms": ["49ers", "San Francisco"]}]
N6890	sports	football_ncaa	Colorado's buffalo mascot, Ralphie V, gets the boot for being too fast	Ralphie V's 12-year tenure as Colorado's live mascot is coming to an end due to safety concerns. Ralphie was running too fast for her handlers.	https://assets.msn.com/labs/mind/BBWF7Ej.html	[]	[{"Label": "Ralphie the Buffalo", "Type": "U", "WikidataId": "Q7288345", "Confidence": 0.955, "OccurrenceOffsets": [97], "SurfaceForms": ["Ralphie"]}]
N10732	lifestyle	lifestylebuzz	Couple Didn't Know Why Car Was Running Strangely   Then They Popped The Hood	Earlier this week, Holly Persic was driving to work in Pennsylvania when her car suddenly started acting up. The engine was making a weird sound, and there was a faint smell of burning. Persic pulled over and called her husband, Chris. He suggested she pop the hood. And sure enough, this is what they found: Chris Persic Inside the engine compartment were hundreds of walnuts, along with some dry grass. A squirrel, it seems, had chosen the...	https://assets.msn.com/labs/mind/AAIwVzh.html	[]	[{"Label": "Pennsylvania", "Type": "G", "WikidataId": "Q1400", "Confidence": 0.99, "OccurrenceOffsets": [55], "SurfaceForms": ["Pennsylvania"]}]
N25792	lifestyle	lifestylehomeandgarden	100 Outrageous Things Homeowners Have Done to Their Houses	Problems solving skills are on full display with these 100 outrageous things homeowners have done to their houses	https://assets.msn.com/labs/mind/AAD9LkF.html	[]	[]
N7563	news	newsus	Iowa family discovers horrifying basement filled with blood	It's been two weeks and the blood and fat are still seeping into the basement of Nick Lestina's home.	https://assets.msn.com/labs/mind/AAISmhG.html	[{"Label": "Iowa", "Type": "G", "WikidataId": "Q1546", "Confidence": 0.986, "OccurrenceOffsets": [0], "SurfaceForms": ["Iowa"]}]	[]
N21087	sports	football_nfl	Report: Three-time Super Bowl-winning RB LeGarrette Blount works out for Raiders	Now 32 years old, Blount has nearly 1,500 carries through nine pro seasons and has 6,306 yards and 56 career TDs.	https://assets.msn.com/labs/mind/AAITeb5.html	[{"Label": "LeGarrette Blount", "Type": "P", "WikidataId": "Q963007", "Confidence": 1.0, "OccurrenceOffsets": [41], "SurfaceForms": ["LeGarrette Blount"]}, {"Label": "Oakland Raiders", "Type": "O", "WikidataId": "Q324523", "Confidence": 0.991, "OccurrenceOffsets": [73], "SurfaceForms": ["Raiders"]}]	[{"Label": "LeGarrette Blount", "Type": "P", "WikidataId": "Q963007", "Confidence": 1.0, "OccurrenceOffsets": [18], "SurfaceForms": ["Blount"]}]
N41087	tv	tvvideos	'The Masked Singer': Find Out Who the Eagle Was!	'The Masked Singer': Find Out Which Celeb the Eagle Was!	https://assets.msn.com/labs/mind/AAIyzfh.html	[{"Label": "Masked Singer", "Type": "N", "WikidataId": "Q56276162", "Confidence": 1.0, "OccurrenceOffsets": [5], "SurfaceForms": ["Masked Singer"]}]	[{"Label": "Masked Singer", "Type": "N", "WikidataId": "Q56276162", "Confidence": 1.0, "OccurrenceOffsets": [1], "SurfaceForms": ["The Masked Singer"]}, {"Label": "Celebrity", "Type": "C", "WikidataId": "Q211236", "Confidence": 1.0, "OccurrenceOffsets": [36], "SurfaceForms": ["Celeb"]}]
N5445	weather	weathertopstories	Wild fall freeze: Utah falls close to minus-35 as West shivers, while bitter cold oozes east	Denver could start Halloween morning near 0 degrees.	https://assets.msn.com/labs/mind/AAJv09A.html	[{"Label": "Utah", "Type": "G", "WikidataId": "Q829", "Confidence": 0.999, "OccurrenceOffsets": [18], "SurfaceForms": ["Utah"]}]	[{"Label": "Denver", "Type": "G", "WikidataId": "Q16554", "Confidence": 0.999, "OccurrenceOffsets": [0], "SurfaceForms": ["Denver"]}]
N60384	sports	baseball_mlb	Beer-holding Nationals fan explained why he used his chest to block HR ball	He kept the ball in front of him.	https://assets.msn.com/labs/mind/AAJupfG.html	[{"Label": "Washington Nationals", "Type": "O", "WikidataId": "Q825838", "Confidence": 1.0, "OccurrenceOffsets": [13], "SurfaceForms": ["Nationals"]}, {"Label": "Home run", "Type": "C", "WikidataId": "Q534851", "Confidence": 0.998, "OccurrenceOffsets": [68], "SurfaceForms": ["HR"]}]	[]
N46616	foodanddrink	newstrends	The best sandwich shop in every US state and DC	You don't need to look far to find a great sandwich in the USA. We've rounded up the best sandwich joints in every state, spanning the range from old-school delis still whipping up traditional favorites to quirky, modern joints putting innovative ingredients to work. Pull up a stool and sink your teeth into these mouthwatering offerings.	https://assets.msn.com/labs/mind/AAIShm6.html	[{"Label": "Sandwich bar", "Type": "U", "WikidataId": "Q17119403", "Confidence": 1.0, "OccurrenceOffsets": [9], "SurfaceForms": ["sandwich shop"]}, {"Label": "U.S. state", "Type": "U", "WikidataId": "Q35657", "Confidence": 1.0, "OccurrenceOffsets": [32], "SurfaceForms": ["US state"]}]	[{"Label": "United States", "Type": "G", "WikidataId": "Q30", "Confidence": 0.903, "OccurrenceOffsets": [59], "SurfaceForms": ["USA"]}]
N52500	lifestyle	shop-holidays	Walmart's Pre-Holiday Deals Are Live Right Now	Don't get trampled! Shop these online sales from the comfort of your couch.	https://assets.msn.com/labs/mind/AAJBGPa.html	[]	[
N33164	sports	football_nfl	100 famous NFL players who played for teams you forgot about	Randy Moss with the Titans? Archie Manning with the Vikings? Plenty of NFL players had some forgettable stints with surprising teams.	https://assets.msn.com/labs/mind/AAJvbsM.html	[{"Label": "National Football League", "Type": "O", "WikidataId": "Q1215884", "Confidence": 0.999, "OccurrenceOffsets": [11], "SurfaceForms": ["NFL"]}]	[{"Label": "National Football League", "Type": "O", "WikidataId": "Q1215884", "Confidence": 0.999, "OccurrenceOffsets": [71], "SurfaceForms": ["NFL"]}, {"Label": "Tennessee Titans", "Type": "O", "WikidataId": "Q320484", "Confidence": 0.993, "OccurrenceOffsets": [20], "SurfaceForms": ["Titans"]}, {"Label": "Minnesota Vikings", "Type": "O", "WikidataId": "Q221150", "Confidence": 0.986, "OccurrenceOffsets": [52], "SurfaceForms": ["Vikings"]}, {"Label": "Archie Manning", "Type": "P", "WikidataId": "Q611891", "Confidence": 1.0, "OccurrenceOffsets": [28], "SurfaceForms": ["Archie Manning"]}, {"Label": "Randy Moss", "Type": "P", "WikidataId": "Q462925", "Confidence": 1.0, "OccurrenceOffsets": [0], "SurfaceForms": ["Randy Moss"]}]
N24233	news	newsphotos	The world's skinniest skyscraper is almost completed. I toured its first luxury condo   take a look inside the NYC tower that's 24 times taller than it is wide.	The 1,428-foot tower on Manhattan's Billionaires' Row is 24 times taller than it is wide and has only one residence per floor.	https://assets.msn.com/labs/mind/AAJBCBP.html	[]	[{"Label": "Billionaires' Row (Manhattan)", "Type": "U", "WikidataId": "Q27988224", "Confidence": 1.0, "OccurrenceOffsets": [36], "SurfaceForms": ["Billionaires' Row"]}, {"Label": "Manhattan", "Type": "G", "WikidataId": "Q11299", "Confidence": 1.0, "OccurrenceOffsets": [24], "SurfaceForms": ["Manhattan"]}]
N62058	sports	football_nfl	What Tom Brady, Lamar Jackson Told Each Other After Patriots-Ravens	Tom Brady offered credit where it was due Sunday night in Baltimore. The Ravens handed Brady and the Patriots their first loss of the season in Week at M amp T Bank Stadium. The primetime	https://assets.msn.com/labs/mind/AAJOxcE.html	[{"Label": "Tom Brady", "Type": "P", "WikidataId": "Q313381", "Confidence": 1.0, "OccurrenceOffsets": [5], "SurfaceForms": ["Tom Brady"]}, {"Label": "Lamar Jackson", "Type": "P", "WikidataId": "Q24809702", "Confidence": 1.0, "OccurrenceOffsets": [16], "SurfaceForms": ["Lamar Jackson"]}, {"Label": "Baltimore Ravens", "Type": "O", "WikidataId": "Q276539", "Confidence": 1.0, "OccurrenceOffsets": [61], "SurfaceForms": ["Ravens"]}, {"Label": "New England Patriots", "Type": "O", "WikidataId": "Q193390", "Confidence": 1.0, "OccurrenceOffsets": [52], "SurfaceForms": ["Patriots"]}]	[{"Label": "Tom Brady", "Type": "P", "WikidataId": "Q313381", "Confidence": 1.0, "OccurrenceOffsets": [0, 87], "SurfaceForms": ["Tom Brady", "Brady"]}, {"Label": "Baltimore Ravens", "Type": "O", "WikidataId": "Q276539", "Confidence": 1.0, "OccurrenceOffsets": [58, 73], "SurfaceForms": ["Baltimore", "Ravens"]}, {"Label": "New England Patriots", "Type": "O", "WikidataId": "Q193390", "Confidence": 1.0, "OccurrenceOffsets": [101], "SurfaceForms": ["Patriots"]}]
N26378	autos	autosnews	Man Pulled From Path Of Oncoming BART Train	A passenger fell onto the tracks at the Coliseum BART station as the train pulled into the station. A BART worker saved him. (Video)	https://assets.msn.com/labs/mind/AAJQDAk.html	[]	[]
N49475	lifestyle	lifestylebuzz	Woman Finds A Giant Wild Snake Just Chilling In Her Bed	A 7-foot-long carpet python was slithering over her bed.	https://assets.msn.com/labs/mind/AAJy1qC.html	[]	[]
N18870	lifestyle	shop-holidays	Here Are the Biggest Deals We're Anticipating for Black Friday	The Black Friday deals for 2019 have already begun leaking out. Get a sneak peek at what to expect from popular retailers like Costco, Walmart, and Best Buy. Browse our guide and use it to plan your attack for the biggest shopping event of the year.	https://assets.msn.com/labs/mind/BBPFuKX.html	[]	[{"Label": "Costco", "Type": "O", "WikidataId": "Q715583", "Confidence": 1.0, "OccurrenceOffsets": [127], "SurfaceForms": ["Costco"]}, {"Label": "Walmart", "Type": "O", "WikidataId": "Q483551", "Confidence": 1.0, "OccurrenceOffsets": [135], "SurfaceForms": ["Walmart"]}, {"Label": "Best Buy", "Type": "O", "WikidataId": "Q533415", "Confidence": 1.0, "OccurrenceOffsets": [148], "SurfaceForms": ["Best Buy"]}]
N50014	sports	football_nfl_videos	11 reasons to watch Week 11 of the 2019 NFL season	Two MVP candidates face off, a Super Bowl LII rematch and nine other reasons to watch Week 11 of the NFL season.	https://assets.msn.com/labs/mind/BBWHW6H.html	[{"Label": "National Football League", "Type": "O", "WikidataId": "Q1215884", "Confidence": 0.996, "OccurrenceOffsets": [40], "SurfaceForms": ["NFL"]}]	[{"Label": "Super Bowl LII", "Type": "U", "WikidataId": "Q15633579", "Confidence": 1.0, "OccurrenceOffsets": [31], "SurfaceForms": ["Super Bowl LII"]}, {"Label": "Super Bowl Most Valuable Player Award", "Type": "U", "WikidataId": "Q1079382", "Confidence": 0.985, "OccurrenceOffsets": [4], "SurfaceForms": ["MVP"]}, {"Label": "National Football League", "Type": "O", "WikidataId": "Q1215884", "Confidence": 0.996, "OccurrenceOffsets": [101], "SurfaceForms": ["NFL"]}]
N23877	news	newscrime	Car of Marine linked to Virginia slaying is found in South Carolina, authorities say	A car belonging to a U.S. Marine who allegedly deserted his post last month in North Carolina -- and has been on the run since being accused of murdering his mother's boyfriend in Virginia -- has been located in South Carolina, authorities said Wednesday.	https://assets.msn.com/labs/mind/BBWJUo1.html	[{"Label": "Virginia", "Type": "G", "WikidataId": "Q1370", "Confidence": 1.0, "OccurrenceOffsets": [24], "SurfaceForms": ["Virginia"]}, {"Label": "South Carolina", "Type": "G", "WikidataId": "Q1456", "Confidence": 1.0, "OccurrenceOffsets": [53], "SurfaceForms": ["South Carolina"]}]	[{"Label": "Virginia", "Type": "G", "WikidataId": "Q1370", "Confidence": 1.0, "OccurrenceOffsets": [180], "SurfaceForms": ["Virginia"]}, {"Label": "North Carolina", "Type": "G", "WikidataId": "Q1454", "Confidence": 0.999, "OccurrenceOffsets": [79], "SurfaceForms": ["North Carolina"]}, {"Label": "South Carolina", "Type": "G", "WikidataId": "Q1456", "Confidence": 1.0, "OccurrenceOffsets": [212], "SurfaceForms": ["South Carolina"]}]
N35389	finance	finance-real-estate	A decommissioned nuclear missile complex in Arizona that was abandoned for decades is now on sale for $400,000	This complex used to be home to the US's largest land-based missile, Titan II, which sat there armed for 24 years. Now, it's on sale.	https://assets.msn.com/labs/mind/BBWEXMV.html	[{"Label": "Arizona", "Type": "G", "WikidataId": "Q816", "Confidence": 0.988, "OccurrenceOffsets": [44], "SurfaceForms": ["Arizona"]}]	[{"Label": "LGM-25C Titan II", "Type": "U", "WikidataId": "Q1187405", "Confidence": 1.0, "OccurrenceOffsets": [69], "SurfaceForms": ["Titan II"]}]
N49712	news	newsgoodnews	Wisconsin bus driver saves children wandering in snow, as deadly Arctic air mass grips US	As bitter cold took hold across the Midwest earlier this week, a sharp-eyed bus driver in Wisconsin was credited with helping rescue two children who were very underdressed for the weather conditions.	https://assets.msn.com/labs/mind/BBWHyts.html	[{"Label": "Wisconsin", "Type": "G", "WikidataId": "Q1537", "Confidence": 0.974, "OccurrenceOffsets": [0], "SurfaceForms": ["Wisconsin"]}]	[{"Label": "Wisconsin", "Type": "G", "WikidataId": "Q1537", "Confidence": 0.974, "OccurrenceOffsets": [90], "SurfaceForms": ["Wisconsin"]}, {"Label": "Midwestern United States", "Type": "G", "WikidataId": "Q186545", "Confidence": 1.0, "OccurrenceOffsets": [36], "SurfaceForms": ["Midwest"]}]
N16844	autos	autosnews	Lexus just revealed the pricing for its first-ever luxury yacht   and a fully-loaded model will cost $4.85 million. Here's a closer look at LY 650.	The Lexus Sport Yacht Concept was first shown in January 2017, and the brand has finally delivered on making the LY 650 a reality.	https://assets.msn.com/labs/mind/AAHy9bP.html	[{"Label": "Lexus", "Type": "O", "WikidataId": "Q35919", "Confidence": 1.0, "OccurrenceOffsets": [0], "SurfaceForms": ["Lexus"]}]	[]
N59685	sports	football_nfl	Ranking the 11 most disappointing NFL teams of 2019		https://assets.msn.com/labs/mind/BBWHQ34.html	[{"Label": "National Football League", "Type": "O", "WikidataId": "Q1215884", "Confidence": 1.0, "OccurrenceOffsets": [34], "SurfaceForms": ["NFL"]}]	[]
N23814	lifestyle	voices	I moved from the US to the UK. Here are the 8 things that surprised me the most.	I've found that living in England comes with a lot of perks, especially when it comes to rent, grocery shopping, and travel.	https://assets.msn.com/labs/mind/AAHr37p.html	[{"Label": "United States", "Type": "G", "WikidataId": "Q30", "Confidence": 0.952, "OccurrenceOffsets": [17], "SurfaceForms": ["US"]}, {"Label": "United Kingdom", "Type": "G", "WikidataId": "Q145", "Confidence": 0.99, "OccurrenceOffsets": [27], "SurfaceForms": ["UK"]}]	[{"Label": "England", "Type": "G", "WikidataId": "Q21", "Confidence": 0.971, "OccurrenceOffsets": [26], "SurfaceForms": ["England"]}]
N23446	lifestyle	lifestyleroyals	Prince Harry and Meghan Markle just shared a never-before-seen photo of baby Archie with his 'Grandpa' Prince Charles to celebrate his birthday	The Duke and Duchess of Sussex shared a new photo of Archie, Harry, and Charles to mark the Prince of Wales' 71st birthday on Thursday.	https://assets.msn.com/labs/mind/BBWKtBU.html	[{"Label": "Charles, Prince of Wales", "Type": "P", "WikidataId": "Q43274", "Confidence": 1.0, "OccurrenceOffsets": [103], "SurfaceForms": ["Prince Charles"]}, {"Label": "Wedding of Prince Harry and Meghan Markle", "Type": "E", "WikidataId": "Q43890449", "Confidence": 1.0, "OccurrenceOffsets": [0], "SurfaceForms": ["Prince Harry and Meghan Markle"]}]	[{"Label": "Charles, Prince of Wales", "Type": "P", "WikidataId": "Q43274", "Confidence": 1.0, "OccurrenceOffsets": [72], "SurfaceForms": ["Charles"]}, {"Label": "Prince Harry, Duke of Sussex", "Type": "N", "WikidataId": "Q152316", "Confidence": 1.0, "OccurrenceOffsets": [61], "SurfaceForms": ["Harry"]}, {"Label": "Duke of Sussex", "Type": "U", "WikidataId": "Q772304", "Confidence": 1.0, "OccurrenceOffsets": [4], "SurfaceForms": ["Duke and Duchess of Sussex"]}]
N64174	news	newscrime	Georgia executes man convicted of killing convenience store clerk	Georgia executes man convicted of killing convenience store clerk	https://assets.msn.com/labs/mind/BBWJ00F.html	[]	[]
N11817	travel	traveltripideas	Here's the Best Small Town in Every State	From Los Alamos, California, to Shelter Island, New York, these are the best small towns INSIDER found in every state.	https://assets.msn.com/labs/mind/BBRsUUu.html	[]	[{"Label": "Shelter Island, New York", "Type": "G", "WikidataId": "Q1330668", "Confidence": 0.991, "OccurrenceOffsets": [32], "SurfaceForms": ["Shelter Island"]}, {"Label": "Los Alamos, California", "Type": "G", "WikidataId": "Q1915491", "Confidence": 1.0, "OccurrenceOffsets": [5], "SurfaceForms": ["Los Alamos"]}, {"Label": "California", "Type": "G", "WikidataId": "Q99", "Confidence": 0.999, "OccurrenceOffsets": [17], "SurfaceForms": ["California"]}]
N60550	entertainment	humor	Funny celeb pics for November 2019	Heidi Klum ain't no keto queen and more celeb pics that will make you LOL.	https://assets.msn.com/labs/mind/AAJXjeJ.html	[]	[{"Label": "Heidi Klum", "Type": "P", "WikidataId": "Q60036", "Confidence": 0.999, "OccurrenceOffsets": [0], "SurfaceForms": ["Heidi Klum"]}]
N48225	finance	finance-companies	Harassment, Culture of Fear Flourished at Federal Workers Union, Staff Say	Current and former employees question whether an investigation into sexual harassment allegations at AFGE will dig deep enough.	https://assets.msn.com/labs/mind/BBWKsaD.html	[]	[{"Label": "American Federation of Government Employees", "Type": "O", "WikidataId": "Q4743750", "Confidence": 1.0, "OccurrenceOffsets": [101], "SurfaceForms": ["AFGE"]}]
N45509	foodanddrink	foodnews	This is Chick-fil-A's most-ordered menu item	There may be a lot of things you don't know about Chick-fil-A, but if there's one thing you definitely know about the fast food chain, it's that it has a massive following. Chick-fil-A is quickly growing and has become the third-most profitable chain restaurant in America. With millions of devoted fans and diners, we had to ask: What is Chick-fil-A's most popular menu item? 10 Ways Fast Food Chains Are Playing With Your Head The most-ordered...	https://assets.msn.com/labs/mind/BBWHNck.html	[{"Label": "Chick-fil-A", "Type": "O", "WikidataId": "Q491516", "Confidence": 0.991, "OccurrenceOffsets": [8], "SurfaceForms": ["Chick-fil-A"]}]	[{"Label": "Chick-fil-A", "Type": "O", "WikidataId": "Q491516", "Confidence": 0.991, "OccurrenceOffsets": [50, 173, 339], "SurfaceForms": ["Chick-fil-A", "Chick-fil-A", "Chick-fil-A"]}, {"Label": "Fast food restaurant", "Type": "C", "WikidataId": "Q1751429", "Confidence": 1.0, "OccurrenceOffsets": [385], "SurfaceForms": ["Fast Food Chains"]}]
N56711	finance	finance-companies	American Outdoor to split into two firms, separating its gun business	American Outdoor Brands Corp. said it will split into two publicly traded companies, one focused on firearms and the other on outdoor products, in an effort to reverse a stock-market decline amid rising pressure for tougher U.S. gun restrictions.	https://assets.msn.com/labs/mind/BBWHYJJ.html	[]	[{"Label": "American Outdoor Brands Corporation", "Type": "O", "WikidataId": "Q29641579", "Confidence": 1.0, "OccurrenceOffsets": [0], "SurfaceForms": ["American Outdoor Brands Corp."]}, {"Label": "United States", "Type": "G", "WikidataId": "Q30", "Confidence": 0.996, "OccurrenceOffsets": [224], "SurfaceForms": ["U.S."]}]
N46821	news	newsus	3 castaway cows swam to North Carolina's Outer Banks to escape Hurricane Dorian	Cows have been discovered near the Outer Banks, where they apparently washed up after swimming for several miles due to Hurricane Dorian	https://assets.msn.com/labs/mind/BBWIcmq.html	[{"Label": "Outer Banks", "Type": "L", "WikidataId": "Q1517373", "Confidence": 1.0, "OccurrenceOffsets": [41], "SurfaceForms": ["Outer Banks"]}]	[{"Label": "Outer Banks", "Type": "L", "WikidataId": "Q1517373", "Confidence": 1.0, "OccurrenceOffsets": [35], "SurfaceForms": ["Outer Banks"]}]
N48017	news	newsscienceandtechnology	Experts crack mystery of ancient Egypt's sacred bird mummies	DNA analysis helps work out origin of nearly 6 million mummified ibises	https://assets.msn.com/labs/mind/BBWKaZ4.html	[{"Label": "Egypt", "Type": "G", "WikidataId": "Q79", "Confidence": 0.989, "OccurrenceOffsets": [33], "SurfaceForms": ["Egypt"]}]	[{"Label": "DNA", "Type": "U", "WikidataId": "Q7430", "Confidence": 0.971, "OccurrenceOffsets": [0], "SurfaceForms": ["DNA"]}]
N8015	finance	markets	Powell's Warning to Congress About the Next Recession	The Fed will need help stimulating the economy when the next downturn hits.	https://assets.msn.com/labs/mind/BBWItba.html	[{"Label": "United States Congress", "Type": "B", "WikidataId": "Q11268", "Confidence": 0.996, "OccurrenceOffsets": [20], "SurfaceForms": ["Congress"]}, {"Label": "Jerome Powell", "Type": "P", "WikidataId": "Q6182718", "Confidence": 0.99, "OccurrenceOffsets": [0], "SurfaceForms": ["Powell"]}]	[]
N5364	finance	finance-real-estate	19 Home Renovations That Give Owners the Most Joy	These home upgrades score highly based on how happy homeowners are with them.	https://assets.msn.com/labs/mind/BBWEbfc.html	[{"Label": "Home improvement", "Type": "C", "WikidataId": "Q2789106", "Confidence": 1.0, "OccurrenceOffsets": [3], "SurfaceForms": ["Home Renovations"]}]	[]
N48722	sports	baseball_mlb	Gabe Kapler addresses his handling of Dodgers allegations	New San Francisco Giants manager Gabe Kapler had to address a difficult topic in his introductory press conference on Wednesday.	https://assets.msn.com/labs/mind/BBWIbQq.html	[{"Label": "Gabe Kapler", "Type": "P", "WikidataId": "Q2435968", "Confidence": 1.0, "OccurrenceOffsets": [0], "SurfaceForms": ["Gabe Kapler"]}, {"Label": "Los Angeles Dodgers", "Type": "O", "WikidataId": "Q334634", "Confidence": 1.0, "OccurrenceOffsets": [38], "SurfaceForms": ["Dodgers"]}]	[{"Label": "Gabe Kapler", "Type": "P", "WikidataId": "Q2435968", "Confidence": 1.0, "OccurrenceOffsets": [33], "SurfaceForms": ["Gabe Kapler"]}, {"Label": "San Francisco Giants", "Type": "O", "WikidataId": "Q308966", "Confidence": 1.0, "OccurrenceOffsets": [4], "SurfaceForms": ["San Francisco Giants"]}]
N55555	music	cma-awards	2019 CMA Awards: See the best photos from inside and backstage	2019 CMA Awards: See the best photos from inside and backstage	https://assets.msn.com/labs/mind/BBWIEMB.html	[{"Label": "Country Music Association Awards", "Type": "B", "WikidataId": "Q1137234", "Confidence": 1.0, "OccurrenceOffsets": [5], "SurfaceForms": ["CMA Awards"]}]	[{"Label": "Country Music Association Awards", "Type": "B", "WikidataId": "Q1137234", "Confidence": 1.0, "OccurrenceOffsets": [5], "SurfaceForms": ["CMA Awards"]}]
N37348	lifestyle	lifestylecleaningandorganizing	Our Ultimate Holiday Cleaning Countdown	If you're feeling overwhelmed by all the cleaning you have to do before the holidays, let this cleaning countdown be your guide.	https://assets.msn.com/labs/mind/BBWu3mE.html	[]	[]
N40109	weather	weathertopstories	This Arctic blast is in its final day. But the cold isn't over quite yet	The hundreds of millions of people gripped by the Arctic blast can begin to peel off a layer or two of clothing starting Thursday.	https://assets.msn.com/labs/mind/BBWKjCt.html	[]	[]
N59495	sports	football_ncaa	A surprising 9-0, Baylor's rise to a showdown with Oklahoma was three years in the making	In three years, Matt Rhule has rebuilt the Baylor Bears from 1-11 to 9-0. A showdown with Big 12 powerhouse Oklahoma is up next.	https://assets.msn.com/labs/mind/BBWKJ4c.html	[]	[{"Label": "Matt Rhule", "Type": "P", "WikidataId": "Q14950994", "Confidence": 1.0, "OccurrenceOffsets": [16], "SurfaceForms": ["Matt Rhule"]}, {"Label": "Big 12 Conference", "Type": "O", "WikidataId": "Q858430", "Confidence": 1.0, "OccurrenceOffsets": [90], "SurfaceForms": ["Big 12"]}]
N36226	finance	finance-retirement	The 1 reason you shouldn't hesitate to claim Social Security early	Seniors are often told to wait on Social Security, but here's a good argument for filing sooner.	https://assets.msn.com/labs/mind/BBWKwml.html	[{"Label": "Social Security (United States)", "Type": "U", "WikidataId": "Q13479957", "Confidence": 0.999, "OccurrenceOffsets": [45], "SurfaceForms": ["Social Security"]}]	[{"Label": "Social Security (United States)", "Type": "U", "WikidataId": "Q13479957", "Confidence": 0.999, "OccurrenceOffsets": [34], "SurfaceForms": ["Social Security"]}]
N38779	news	newsus	'One in a million' deer captured on camera in Michigan woods	Retired Michigan lawmaker and amateur photographer Steven Lindberg took pictures of a deer. That deer had three antlers.	https://assets.msn.com/labs/mind/BBWIdQ6.html	[{"Label": "Michigan", "Type": "G", "WikidataId": "Q1166", "Confidence": 0.996, "OccurrenceOffsets": [46], "SurfaceForms": ["Michigan"]}]	[{"Label": "Steve Lindberg", "Type": "P", "WikidataId": "Q7613160", "Confidence": 1.0, "OccurrenceOffsets": [51], "SurfaceForms": ["Steven Lindberg"]}]
N47346	lifestyle	lifestyleparenting	23 Worst Things You Can Say to a New Parent	Before you stick your foot in your mouth with well-intentioned but offensive advice, make sure you know these things you should never say to a new parent.	https://assets.msn.com/labs/mind/AAJax5b.html	[]	[]
N48875	sports	football_nfl	Top storylines for Week 11 in the NFL	We're heading toward crunch time of the NFL season and Week 11 has some huge games on the schedule.	https://assets.msn.com/labs/mind/BBWIbw2.html	[{"Label": "National Football League", "Type": "O", "WikidataId": "Q1215884", "Confidence": 1.0, "OccurrenceOffsets": [34], "SurfaceForms": ["NFL"]}]	[{"Label": "National Football League", "Type": "O", "WikidataId": "Q1215884", "Confidence": 1.0, "OccurrenceOffsets": [40], "SurfaceForms": ["NFL"]}]
N10960	foodanddrink	recipes	65 Best Fall Soups That Will Warm You and Your Family Up All Season Long	These hearty bowls are the perfect companion for a rainy fall night.	https://assets.msn.com/labs/mind/BBNlvMD.html	[{"Label": "Season", "Type": "C", "WikidataId": "Q24384", "Confidence": 1.0, "OccurrenceOffsets": [57], "SurfaceForms": ["All Season"]}]	[]
N29739	news	newsworld	Today in History: November 14		https://assets.msn.com/labs/mind/BBWpwU6.html	[]	[]
N50872	lifestyle	shop-holidays	50 amazing gifts for every type of person and budget	Let the product experts at Reviewed help you find the perfect gifts for everyone on your list.	https://assets.msn.com/labs/mind/AAJQMdO.html	[]	[]
N50592	travel	travelnews	This Italian Beach is Going to Start Charging Admission	Visitors to Sardinia's La Pelosa beach may have to plan well in advance will be charged a fee to enter as well as have to be one of the first 1,500 guests to arrive to be allowed in.	https://assets.msn.com/labs/mind/BBWIa3y.html	[]	[]
N13131	lifestyle	lifestylehomeandgarden	17 Home Maintenance Tasks Everyone Should Do Before It Snows	Winter poses real danger to your home. We've asked experts for the winter home maintenance tasks you must complete before it starts snowing.	https://assets.msn.com/labs/mind/BBWEVcn.html	[{"Label": "Home repair", "Type": "C", "WikidataId": "Q5889160", "Confidence": 1.0, "OccurrenceOffsets": [3], "SurfaceForms": ["Home Maintenance"]}]	[{"Label": "Your Home", "Type": "U", "WikidataId": "Q17060160", "Confidence": 1.0, "OccurrenceOffsets": [28], "SurfaceForms": ["your home"]}]
N38393	foodanddrink	newstrends	Dozens of area retailers, restaurants offer Veterans Day deals Monday	Area veterans can take advantage of dozens of meal and retail deals Monday.	https://assets.msn.com/labs/mind/BBWyoyo.html	[{"Label": "Veterans Day", "Type": "H", "WikidataId": "Q755999", "Confidence": 1.0, "OccurrenceOffsets": [44], "SurfaceForms": ["Veterans Day"]}]	[]
N12330	news	newspolitics	Pompeo 'on shifting sand' as impeachment probe reveals his role in Ukraine pressure campaign	Critics say Pompeo's credibility has collapsed amid revelations that he enabled Rudy Giuliani to run a shadow foreign policy operation.	https://assets.msn.com/labs/mind/BBWKaHv.html	[{"Label": "Mike Pompeo", "Type": "P", "WikidataId": "Q473239", "Confidence": 1.0, "OccurrenceOffsets": [0], "SurfaceForms": ["Pompeo"]}, {"Label": "Ukraine", "Type": "G", "WikidataId": "Q212", "Confidence": 0.998, "OccurrenceOffsets": [67], "SurfaceForms": ["Ukraine"]}]	[{"Label": "Mike Pompeo", "Type": "P", "WikidataId": "Q473239", "Confidence": 1.0, "OccurrenceOffsets": [12], "SurfaceForms": ["Pompeo"]}, {"Label": "Rudy Giuliani", "Type": "P", "WikidataId": "Q212648", "Confidence": 1.0, "OccurrenceOffsets": [80], "SurfaceForms": ["Rudy Giuliani"]}]
N47098	video	animals	Abandoned 'unicorn' puppy has a tail on its head	Abandoned 'unicorn' puppy has a tail on its head	https://assets.msn.com/labs/mind/BBWHLBa.html	[]	[]
N51570	sports	basketball_nba	Hernandez: Anthony Davis' impact on LeBron James apparent even when he doesn't play	Never was Anthony Davis' value to the Lakers as clear as it was Wednesday night at Staples Center. And Davis didn't play a minute. In a game he spent confined to the sidelines in street clothes, his influence was visible in LeBron James. Specifically, in how youthful the nearly 35-year-old James looked in the Lakers' second game in as many nights. With Davis sidelined by a troublesome right ...	https://assets.msn.com/labs/mind/BBWKeEd.html	[{"Label": "LeBron James", "Type": "P", "WikidataId": "Q36159", "Confidence": 1.0, "OccurrenceOffsets": [36], "SurfaceForms": ["LeBron James"]}]	[{"Label": "Los Angeles Lakers", "Type": "O", "WikidataId": "Q121783", "Confidence": 1.0, "OccurrenceOffsets": [38, 311], "SurfaceForms": ["Lakers", "Lakers"]}, {"Label": "LeBron James", "Type": "P", "WikidataId": "Q36159", "Confidence": 1.0, "OccurrenceOffsets": [224, 291], "SurfaceForms": ["LeBron James", "James"]}, {"Label": "Staples Center", "Type": "S", "WikidataId": "Q186080", "Confidence": 1.0, "OccurrenceOffsets": [83], "SurfaceForms": ["Staples Center"]}]