N55528	lifestyle	lifestyleroyals	The Brands Queen Elizabeth, Prince Charles, and Prince Philip Swear By	Shop the notebooks, jackets, and more that the royals can't live without.	https://assets.msn.com/labs/mind/AAGH0ET.html	"[{""Label"": ""Prince Philip, Duke of Edinburgh"", ""Type"": ""P"", ""WikidataId"": ""Q80976"", ""Confidence"": 1.0, ""OccurrenceOffsets"": [48], ""SurfaceForms"": [""Prince Philip""]}, {""Label"": ""Charles, Prince of Wales"", ""Type"": ""P"", ""WikidataId"": ""Q43274"", ""Confidence"": 1.0, ""OccurrenceOffsets"": [28], ""SurfaceForms"": [""Prince Charles""]}, {""Label"": ""Elizabeth II"", ""Type"": ""P"", ""WikidataId"": ""Q9682"", ""Confidence"": 0.97, ""OccurrenceOffsets"": [11], ""SurfaceForms"": [""Queen Elizabeth""]}]"	[]
N19639	health	weightloss	50 Worst Habits For Belly Fat	These seemingly harmless habits are holding you back and keeping you from shedding that unwanted belly fat for good.	https://assets.msn.com/labs/mind/AAB19MK.html	"[{""Label"": ""Adipose tissue"", ""Type"": ""C"", ""WikidataId"": ""Q193583"", ""Confidence"": 1.0, ""OccurrenceOffsets"": [20], ""SurfaceForms"": [""Belly Fat""]}]"	"[{""Label"": ""Adipose tissue"", ""Type"": ""C"", ""WikidataId"": ""Q193583"", ""Confidence"": 1.0, ""OccurrenceOffsets"": [97], ""SurfaceForms"": [""belly fat""]}]"
N61837	news	newsworld	The Cost of Trump's Aid Freeze in the Trenches of Ukraine's War	Lt. Ivan Molchanets peeked over a parapet of sand bags at the front line of the war in Ukraine. Next to him was an empty helmet propped up to trick snipers, already perforated with multiple holes.	https://assets.msn.com/labs/mind/AAJgNsz.html	[]	"[{""Label"": ""Ukraine"", ""Type"": ""G"", ""WikidataId"": ""Q212"", ""Confidence"": 0.946, ""OccurrenceOffsets"": [87], ""SurfaceForms"": [""Ukraine""]}]"
N53526	health	voices	I Was An NBA Wife. Here's How It Affected My Mental Health.	I felt like I was a fraud, and being an NBA wife didn't help that. In fact, it nearly destroyed me.	https://assets.msn.com/labs/mind/AACk2N6.html	[]	"[{""Label"": ""National Basketball Association"", ""Type"": ""O"", ""WikidataId"": ""Q155223"", ""Confidence"": 1.0, ""OccurrenceOffsets"": [40], ""SurfaceForms"": [""NBA""]}]"
N38324	health	medical	How to Get Rid of Skin Tags, According to a Dermatologist	They seem harmless, but there's a very good reason you shouldn't ignore them. The post How to Get Rid of Skin Tags, According to a Dermatologist appeared first on Reader's Digest.	https://assets.msn.com/labs/mind/AAAKEkt.html	"[{""Label"": ""Skin tag"", ""Type"": ""C"", ""WikidataId"": ""Q3179593"", ""Confidence"": 1.0, ""OccurrenceOffsets"": [18], ""SurfaceForms"": [""Skin Tags""]}]"	"[{""Label"": ""Skin tag"", ""Type"": ""C"", ""WikidataId"": ""Q3179593"", ""Confidence"": 1.0, ""OccurrenceOffsets"": [105], ""SurfaceForms"": [""Skin Tags""]}, {""Label"": ""Dermatology"", ""Type"": ""C"", ""WikidataId"": ""Q171171"", ""Confidence"": 1.0, ""OccurrenceOffsets"": [131], ""SurfaceForms"": [""Dermatologist""]}, {""Label"": ""Reader's Digest"", ""Type"": ""M"", ""WikidataId"": ""Q371820"", ""Confidence"": 0.999, ""OccurrenceOffsets"": [163], ""SurfaceForms"": [""Reader's Digest""]}]"
N2073	sports	football_nfl	Should NFL be able to fine players for criticizing officiating?	Several fines came down against NFL players for criticizing officiating this week. It's a very bad look for the league.	https://assets.msn.com/labs/mind/AAJ4lap.html	"[{""Label"": ""National Football League"", ""Type"": ""O"", ""WikidataId"": ""Q1215884"", ""Confidence"": 1.0, ""OccurrenceOffsets"": [7], ""SurfaceForms"": [""NFL""]}]"	"[{""Label"": ""National Football League"", ""Type"": ""O"", ""WikidataId"": ""Q1215884"", ""Confidence"": 1.0, ""OccurrenceOffsets"": [32], ""SurfaceForms"": [""NFL""]}]"
N49186	weather	weathertopstories	It's been Orlando's hottest October ever so far, but cooler temperatures on the way	There won't be a chill down to your bones this Halloween in Orlando, unless you count the sweat dripping from your armpits.	https://assets.msn.com/labs/mind/AAJwoxD.html	"[{""Label"": ""Orlando, Florida"", ""Type"": ""G"", ""WikidataId"": ""Q49233"", ""Confidence"": 0.962, ""OccurrenceOffsets"": [10], ""SurfaceForms"": [""Orlando""]}]"	"[{""Label"": ""Orlando, Florida"", ""Type"": ""G"", ""WikidataId"": ""Q49233"", ""Confidence"": 0.962, ""OccurrenceOffsets"": [60], ""SurfaceForms"": [""Orlando""]}]"
N59295	news	newsworld	Chile: Three die in supermarket fire amid protests	Three people have died in a supermarket fire as angry protests in Chile entered their seventh day, the mayor of capital city Santiago said on Sunday.	https://assets.msn.com/labs/mind/AAJ43pw.html	"[{""Label"": ""Chile"", ""Type"": ""G"", ""WikidataId"": ""Q298"", ""Confidence"": 0.988, ""OccurrenceOffsets"": [0], ""SurfaceForms"": [""Chile""]}]"	"[{""Label"": ""Santiago"", ""Type"": ""G"", ""WikidataId"": ""Q2887"", ""Confidence"": 0.995, ""OccurrenceOffsets"": [125], ""SurfaceForms"": [""Santiago""]}, {""Label"": ""Chile"", ""Type"": ""G"", ""WikidataId"": ""Q298"", ""Confidence"": 0.988, ""OccurrenceOffsets"": [66], ""SurfaceForms"": [""Chile""]}]"
N55189	tv	tvnews	'Wheel Of Fortune' Guest Delivers Hilarious, Off The Rails Introduction	"We'd like to solve the puzzle, Pat: Blair Davis' loveless marriage? On Monday, ""Wheel of Fortune"" welcomed as a new contestant trucking business owner Blair Davis, who offered a biting introduction for himself. When host Pat Sajak asked the man from Cardiff, California, about his family, Davis plunged into one of the darkest personal summaries the show has likely ever heard. ""I've been trapped in a loveless marriage for the last 12 years to an..."	https://assets.msn.com/labs/mind/AAIORni.html	[]	"[{""Label"": ""Pat Sajak"", ""Type"": ""P"", ""WikidataId"": ""Q705419"", ""Confidence"": 0.933, ""OccurrenceOffsets"": [31, 221], ""SurfaceForms"": [""Pat"", ""Pat Sajak""]}, {""Label"": ""Wheel of Fortune (American game show)"", ""Type"": ""N"", ""WikidataId"": ""Q3567653"", ""Confidence"": 1.0, ""OccurrenceOffsets"": [80], ""SurfaceForms"": [""Wheel of Fortune""]}, {""Label"": ""Cardiff-by-the-Sea, Encinitas, California"", ""Type"": ""G"", ""WikidataId"": ""Q3400992"", ""Confidence"": 1.0, ""OccurrenceOffsets"": [250], ""SurfaceForms"": [""Cardiff""]}, {""Label"": ""California"", ""Type"": ""G"", ""WikidataId"": ""Q99"", ""Confidence"": 0.946, ""OccurrenceOffsets"": [259], ""SurfaceForms"": [""California""]}]"
N42782	sports	baseball_mlb	Three takeaways from Yankees' ALCS Game 5 victory over the Astros	The Yankees kept hope alive thanks to some impressive starting pitching and a pair of early home runs.	https://assets.msn.com/labs/mind/AAJ1mE9.html	"[{""Label"": ""New York Yankees"", ""Type"": ""O"", ""WikidataId"": ""Q213417"", ""Confidence"": 1.0, ""OccurrenceOffsets"": [21], ""SurfaceForms"": [""Yankees""]}, {""Label"": ""Houston Astros"", ""Type"": ""O"", ""WikidataId"": ""Q848117"", ""Confidence"": 1.0, ""OccurrenceOffsets"": [59], ""SurfaceForms"": [""Astros""]}]"	"[{""Label"": ""New York Yankees"", ""Type"": ""O"", ""WikidataId"": ""Q213417"", ""Confidence"": 1.0, ""OccurrenceOffsets"": [4], ""SurfaceForms"": [""Yankees""]}]"
N34694	tv	tvnews	Rosie O'Donnell: Barbara Walters Isn't 'Up to Speaking to People' Right Now	Rosie O'Donnell: Barbara Walters Isn't 'Up to Speaking to People' Right Now	https://assets.msn.com/labs/mind/AAIZa64.html	"[{""Label"": ""Rosie O'Donnell"", ""Type"": ""P"", ""WikidataId"": ""Q272929"", ""Confidence"": 1.0, ""OccurrenceOffsets"": [0], ""SurfaceForms"": [""Rosie O'""]}]"	"[{""Label"": ""Rosie O'Donnell"", ""Type"": ""P"", ""WikidataId"": ""Q272929"", ""Confidence"": 1.0, ""OccurrenceOffsets"": [0], ""SurfaceForms"": [""Rosie O'""]}]"
N45794	news	newscrime	Four flight attendants were arrested in Miami's airport after bringing in thousands in cash, police say	Four American Airlines flight attendants were arrested at the Miami International Airport and charged with money laundering after bringing large amounts of cash into the country, police said.	https://assets.msn.com/labs/mind/AAJcQKF.html	[]	"[{""Label"": ""Miami International Airport"", ""Type"": ""F"", ""WikidataId"": ""Q127530"", ""Confidence"": 1.0, ""OccurrenceOffsets"": [62], ""SurfaceForms"": [""Miami International Airport""]}, {""Label"": ""American Airlines"", ""Type"": ""O"", ""WikidataId"": ""Q32396"", ""Confidence"": 0.995, ""OccurrenceOffsets"": [5], ""SurfaceForms"": [""American Airlines""]}]"
N18445	sports	football_ncaa	Michigan sends breakup tweet to Notre Dame as series goes on hold	Parting is such sweet sorrow, say the Wolverines.	https://assets.msn.com/labs/mind/AAJpMXE.html	[]	[]
N63302	lifestyle	lifestylebuzz	This Wedding Photo of a Canine Best Man Captures Just How Deep a Dog's Love Truly Is	When Mark Doublet made his dog, Marley, the best man at his wedding, he took his duties very seriously, and a photo of them together has gone viral.	https://assets.msn.com/labs/mind/AAJsM5B.html	[]	[]
N10414	movies	movienews	Robert Evans, 'Chinatown' Producer and Paramount Chief, Dies at 89	"Robert Evans, the Paramount executive who produced ""Chinatown"" and ""Urban Cowboy"" and whose life became as melodramatic and jaw-dropping as any of his films, died on Saturday night. He was 89. Even though Hollywood history is filled with colorful characters, few can match the tale of Evans, whose life would seem far-fetched if it were"	https://assets.msn.com/labs/mind/AAJtq5E.html	"[{""Label"": ""Robert Evans"", ""Type"": ""P"", ""WikidataId"": ""Q1826885"", ""Confidence"": 1.0, ""OccurrenceOffsets"": [0], ""SurfaceForms"": [""Robert Evans""]}, {""Label"": ""Paramount chief"", ""Type"": ""C"", ""WikidataId"": ""Q2082403"", ""Confidence"": 1.0, ""OccurrenceOffsets"": [39], ""SurfaceForms"": [""Paramount Chief""]}]"	"[{""Label"": ""Robert Evans"", ""Type"": ""P"", ""WikidataId"": ""Q1826885"", ""Confidence"": 1.0, ""OccurrenceOffsets"": [0, 285], ""SurfaceForms"": [""Robert Evans"", ""Evans""]}, {""Label"": ""Urban Cowboy"", ""Type"": ""W"", ""WikidataId"": ""Q538042"", ""Confidence"": 1.0, ""OccurrenceOffsets"": [68], ""SurfaceForms"": [""Urban Cowboy""]}, {""Label"": ""Paramount Pictures"", ""Type"": ""O"", ""WikidataId"": ""Q159846"", ""Confidence"": 1.0, ""OccurrenceOffsets"": [18], ""SurfaceForms"": [""Paramount""]}, {""Label"": ""Chinatown (1974 film)"", ""Type"": ""W"", ""WikidataId"": ""Q644987"", ""Confidence"": 1.0, ""OccurrenceOffsets"": [52], ""SurfaceForms"": [""Chinatown""]}]"
N19347	news	newspolitics	Former US Senator Kay Hagan dead at 66	Former U.S. Sen. Kay Hagan, a one-time Capitol Hill intern who went on to become North Carolina's first Democratic female senator, died Monday at her Greensboro home. She was 66.	https://assets.msn.com/labs/mind/AAJtpQT.html	"[{""Label"": ""Kay Hagan"", ""Type"": ""P"", ""WikidataId"": ""Q261003"", ""Confidence"": 1.0, ""OccurrenceOffsets"": [18], ""SurfaceForms"": [""Kay Hagan""]}, {""Label"": ""United States Senate"", ""Type"": ""B"", ""WikidataId"": ""Q66096"", ""Confidence"": 1.0, ""OccurrenceOffsets"": [7], ""SurfaceForms"": [""US Senator""]}]"	"[{""Label"": ""Kay Hagan"", ""Type"": ""P"", ""WikidataId"": ""Q261003"", ""Confidence"": 1.0, ""OccurrenceOffsets"": [17], ""SurfaceForms"": [""Kay Hagan""]}, {""Label"": ""Greensboro, North Carolina"", ""Type"": ""G"", ""WikidataId"": ""Q49238"", ""Confidence"": 1.0, ""OccurrenceOffsets"": [150], ""SurfaceForms"": [""Greensboro""]}, {""Label"": ""North Carolina"", ""Type"": ""G"", ""WikidataId"": ""Q1454"", ""Confidence"": 0.999, ""OccurrenceOffsets"": [81], ""SurfaceForms"": [""North Carolina""]}, {""Label"": ""United States Senate"", ""Type"": ""B"", ""WikidataId"": ""Q66096"", ""Confidence"": 1.0, ""OccurrenceOffsets"": [7], ""SurfaceForms"": [""U.S. Sen""]}]"
N31801	news	newspolitics	Joe Biden reportedly denied Communion at a South Carolina church because of his stance on abortion	Joe Biden has a complicated history with the Catholic Church.	https://assets.msn.com/labs/mind/AAJwml6.html	"[{""Label"": ""Joe Biden"", ""Type"": ""P"", ""WikidataId"": ""Q6279"", ""Confidence"": 1.0, ""OccurrenceOffsets"": [0], ""SurfaceForms"": [""Joe Biden""]}, {""Label"": ""South Carolina"", ""Type"": ""G"", ""WikidataId"": ""Q1456"", ""Confidence"": 0.999, ""OccurrenceOffsets"": [43], ""SurfaceForms"": [""South Carolina""]}]"	"[{""Label"": ""Catholic Church"", ""Type"": ""O"", ""WikidataId"": ""Q9592"", ""Confidence"": 1.0, ""OccurrenceOffsets"": [45], ""SurfaceForms"": [""Catholic Church""]}, {""Label"": ""Joe Biden"", ""Type"": ""P"", ""WikidataId"": ""Q6279"", ""Confidence"": 1.0, ""OccurrenceOffsets"": [0], ""SurfaceForms"": [""Joe Biden""]}]"
N49749	sports	football_nfl	'Unbelievable.' Chiefs fans stunned, mad after loss to the Titans	What the heck happened? The Chiefs were lining up for a field goal that would have given them and eight-point lead late in Sunday's game against the Tennessee Titans in Nashville. The snap came before holder Dustin Colquitt was ready and he threw the ball away. Colquitt was called for intentional grounding and the Titans took over. They drove down the field for a touchdown, two-point ...	https://assets.msn.com/labs/mind/BBWyzRQ.html	"[{""Label"": ""Tennessee Titans"", ""Type"": ""O"", ""WikidataId"": ""Q320484"", ""Confidence"": 0.996, ""OccurrenceOffsets"": [59], ""SurfaceForms"": [""Titans""]}]"	"[{""Label"": ""Dustin Colquitt"", ""Type"": ""P"", ""WikidataId"": ""Q5317085"", ""Confidence"": 1.0, ""OccurrenceOffsets"": [208, 262], ""SurfaceForms"": [""Dustin Colquitt"", ""Colquitt""]}, {""Label"": ""Tennessee Titans"", ""Type"": ""O"", ""WikidataId"": ""Q320484"", ""Confidence"": 0.996, ""OccurrenceOffsets"": [149, 316], ""SurfaceForms"": [""Tennessee Titans"", ""Titans""]}, {""Label"": ""Nashville, Tennessee"", ""Type"": ""G"", ""WikidataId"": ""Q23197"", ""Confidence"": 0.997, ""OccurrenceOffsets"": [169], ""SurfaceForms"": [""Nashville""]}]"
N15962	sports	football_nfl	Ravens Coach Harbaugh: Michael Pierce's X-Rays Negative After Ankle Injury, No Timetable On Return	Coach John Harbaugh said the x-rays on his ankle came back negative, but there is no clear timetable on his return.	https://assets.msn.com/labs/mind/BBWyzbq.html	"[{""Label"": ""Michael Pierce (American football)"", ""Type"": ""P"", ""WikidataId"": ""Q27306777"", ""Confidence"": 0.978, ""OccurrenceOffsets"": [23], ""SurfaceForms"": [""Michael Pierce""]}, {""Label"": ""Sprained ankle"", ""Type"": ""U"", ""WikidataId"": ""Q2306275"", ""Confidence"": 0.94, ""OccurrenceOffsets"": [62], ""SurfaceForms"": [""Ankle Injury""]}]"	"[{""Label"": ""John Harbaugh"", ""Type"": ""P"", ""WikidataId"": ""Q2412102"", ""Confidence"": 1.0, ""OccurrenceOffsets"": [6], ""SurfaceForms"": [""John Harbaugh""]}]"
N28814	sports	basketball_ncaa	Christyn Williams delivers all-around performance to fuel stilted UConn offense	On a day when UConn's offense often felt stilted and stagnant, the Huskies turned to one player more than any other for scoring, playmaking and a general positive presence. Sophomore Christyn Williams was efficient Sunday, converting 10 of 17 field-goal attempts. She was consistent, with at least one field goal in all four quarters and at least two rebounds in three of the four. And she was ...	https://assets.msn.com/labs/mind/BBWyzcn.html	"[{""Label"": ""Christyn Williams"", ""Type"": ""P"", ""WikidataId"": ""Q51754609"", ""Confidence"": 1.0, ""OccurrenceOffsets"": [0], ""SurfaceForms"": [""Christyn Williams""]}]"	"[{""Label"": ""Christyn Williams"", ""Type"": ""P"", ""WikidataId"": ""Q51754609"", ""Confidence"": 1.0, ""OccurrenceOffsets"": [183], ""SurfaceForms"": [""Christyn Williams""]}]"
N47850	news	newsus	Texas teacher free on bond after assaulting a student	A Texas teacher is free on bond tonight, after her arrest for assaulting a student. Her violent outburst was captured on cell phone video. Meg Oliver reports.	https://assets.msn.com/labs/mind/BBWyzdN.html	"[{""Label"": ""Texas"", ""Type"": ""G"", ""WikidataId"": ""Q1439"", ""Confidence"": 0.988, ""OccurrenceOffsets"": [0], ""SurfaceForms"": [""Texas""]}]"	"[{""Label"": ""Texas"", ""Type"": ""G"", ""WikidataId"": ""Q1439"", ""Confidence"": 0.988, ""OccurrenceOffsets"": [2], ""SurfaceForms"": [""Texas""]}]"
N52046	sports	racing	NASCAR championship standings 2019: Final 4 drivers set for Cup Series title race at Homestead	Three Joe Gibbs Racing drivers will be competing with a Stewart-Haas Racing driver for a championship on Nov. 17.	https://assets.msn.com/labs/mind/BBWyze9.html	"[{""Label"": ""NASCAR Cup Series"", ""Type"": ""N"", ""WikidataId"": ""Q2707177"", ""Confidence"": 1.0, ""OccurrenceOffsets"": [0, 60], ""SurfaceForms"": [""NASCAR championship"", ""Cup Series""]}, {""Label"": ""Final four"", ""Type"": ""U"", ""WikidataId"": ""Q1416059"", ""Confidence"": 1.0, ""OccurrenceOffsets"": [36], ""SurfaceForms"": [""Final 4""]}]"	"[{""Label"": ""EFL Championship"", ""Type"": ""O"", ""WikidataId"": ""Q19510"", ""Confidence"": 0.949, ""OccurrenceOffsets"": [89], ""SurfaceForms"": [""championship""]}, {""Label"": ""Stewart-Haas Racing"", ""Type"": ""O"", ""WikidataId"": ""Q511684"", ""Confidence"": 1.0, ""OccurrenceOffsets"": [56], ""SurfaceForms"": [""Stewart-Haas Racing""]}, {""Label"": ""Joe Gibbs Racing"", ""Type"": ""O"", ""WikidataId"": ""Q1691437"", ""Confidence"": 1.0, ""OccurrenceOffsets"": [6], ""SurfaceForms"": [""Joe Gibbs Racing""]}]"
N4219	sports	icehockey_nhl	In USA vs. Canada hockey, the winners are women	At the end, what didn't matter was the score. What mattered most was the game. Playing ice hockey hard and fast. Some of the highest level hockey in the world, played by women. Even the players in Sunday's second sold-out exhibition game between the national women's teams of the United States and Canada   the best female players in the world and the biggest rivals   had stressed a higher purpose to this past week's joint training camp that put...	https://assets.msn.com/labs/mind/BBWyzjA.html	"[{""Label"": ""Canada"", ""Type"": ""G"", ""WikidataId"": ""Q16"", ""Confidence"": 0.999, ""OccurrenceOffsets"": [11], ""SurfaceForms"": [""Canada""]}, {""Label"": ""United States"", ""Type"": ""G"", ""WikidataId"": ""Q30"", ""Confidence"": 0.996, ""OccurrenceOffsets"": [3], ""SurfaceForms"": [""USA""]}]"	"[{""Label"": ""Canada\u2013United States border"", ""Type"": ""U"", ""WikidataId"": ""Q119515"", ""Confidence"": 0.988, ""OccurrenceOffsets"": [280], ""SurfaceForms"": [""United States and Canada""]}]"
N31089	news	newsus	Thief steals thousands from couple during wedding reception	Emma and Chris Cox's picture-perfect wedding day was tarnished when a thief swiped a gift bag filled with thousands in cash. The brazen heist was caught on surveillance cameras.	https://assets.msn.com/labs/mind/BBWyzjn.html	[]	[]
N41479	sports	basketball_nba	Scouting report: Rockets vs. Pelicans	"When/where: 7 p.m. Monday/Smoothie King Center TV/radio: AT&T SportsNet/790-AM; Spanish: 850 AM/101.7 FM So far: Rockets 6-3, Pelicans 2-7 Lately: The Rockets have a three-game winning streak, their longest of the season, after beating the Bulls in Chicago on Saturday. The Pelicans picked up their second win of the season Saturday in Charlotte. Scouting the Rockets In the past six games against the Pelicans, the Rockets have outscored New..."	https://assets.msn.com/labs/mind/BBWyzoA.html	"[{""Label"": ""New Orleans Pelicans"", ""Type"": ""O"", ""WikidataId"": ""Q172339"", ""Confidence"": 0.999, ""OccurrenceOffsets"": [29], ""SurfaceForms"": [""Pelicans""]}, {""Label"": ""Houston Rockets"", ""Type"": ""O"", ""WikidataId"": ""Q161345"", ""Confidence"": 0.997, ""OccurrenceOffsets"": [17], ""SurfaceForms"": [""Rockets""]}]"	"[{""Label"": ""New Orleans Pelicans"", ""Type"": ""O"", ""WikidataId"": ""Q172339"", ""Confidence"": 0.999, ""OccurrenceOffsets"": [126, 274, 336, 402], ""SurfaceForms"": [""Pelicans"", ""Pelicans"", ""Charlotte"", ""Pelicans""]}, {""Label"": ""Houston Rockets"", ""Type"": ""O"", ""WikidataId"": ""Q161345"", ""Confidence"": 0.997, ""OccurrenceOffsets"": [113, 151, 360, 416], ""SurfaceForms"": [""Rockets"", ""Rockets"", ""Rockets"", ""Rockets""]}, {""Label"": ""Chicago Bulls"", ""Type"": ""O"", ""WikidataId"": ""Q128109"", ""Confidence"": 0.999, ""OccurrenceOffsets"": [240, 249], ""SurfaceForms"": [""Bulls"", ""Chicago""]}, {""Label"": ""Smoothie King Center"", ""Type"": ""S"", ""WikidataId"": ""Q1515840"", ""Confidence"": 1.0, ""OccurrenceOffsets"": [26], ""SurfaceForms"": [""Smoothie King Center""]}, {""Label"": ""AT&T SportsNet"", ""Type"": ""M"", ""WikidataId"": ""Q7366558"", ""Confidence"": 1.0, ""OccurrenceOffsets"": [57], ""SurfaceForms"": [""AT&T SportsNet""]}, {""Label"": ""101.7 FM"", ""Type"": ""U"", ""WikidataId"": ""Q4546262"", ""Confidence"": 1.0, ""OccurrenceOffsets"": [96], ""SurfaceForms"": [""101.7 FM""]}, {""Label"": ""850 AM"", ""Type"": ""U"", ""WikidataId"": ""Q4644826"", ""Confidence"": 1.0, ""OccurrenceOffsets"": [89], ""SurfaceForms"": [""850 AM""]}, {""Label"": ""790 AM"", ""Type"": ""U"", ""WikidataId"": ""Q4643709"", ""Confidence"": 1.0, ""OccurrenceOffsets"": [72], ""SurfaceForms"": [""790-AM""]}]"
N54299	sports	baseball_mlb	Column: Baseball's hot stove league could use an NBA-style spark after the slow pace of the last few offseasons	"When discussing teams' interest in free agent Bryce Harper last year at the general managers meetings, agent Scott Boras cautioned that many suitors would be playing it cool over the winter. ""It's not a regatta,"" Boras said. ""It's a submarine race."" The submarine race finally ended more than three months later, during spring training, with Harper signing a record 13-year, $330 million deal ..."	https://assets.msn.com/labs/mind/BBWyzru.html	"[{""Label"": ""National Basketball Association"", ""Type"": ""O"", ""WikidataId"": ""Q155223"", ""Confidence"": 1.0, ""OccurrenceOffsets"": [49], ""SurfaceForms"": [""NBA""]}, {""Label"": ""Baseball"", ""Type"": ""C"", ""WikidataId"": ""Q5369"", ""Confidence"": 0.943, ""OccurrenceOffsets"": [8], ""SurfaceForms"": [""Baseball""]}]"	"[{""Label"": ""Scott Boras"", ""Type"": ""P"", ""WikidataId"": ""Q1064440"", ""Confidence"": 1.0, ""OccurrenceOffsets"": [109, 213], ""SurfaceForms"": [""Scott Boras"", ""Boras""]}, {""Label"": ""Bryce Harper"", ""Type"": ""P"", ""WikidataId"": ""Q2524302"", ""Confidence"": 1.0, ""OccurrenceOffsets"": [46, 342], ""SurfaceForms"": [""Bryce Harper"", ""Harper""]}]"
N15236	finance	finance-real-estate	Only 1 World City Charges More Than NYC Per Foot Of Apt Space	The amount New Yorkers pay per square foot of real estate is much higher than almost anywhere else in the world, a recent report shows.	https://assets.msn.com/labs/mind/BBWyzsa.html	[]	[]
N39850	lifestyle	lifestylebuzz	Veterans Day event in Jeffersontown brings out the town and the Ladies for Liberty	At a Veterans Day observation service in Jeffersontown Veterans Memorial Park Sunday, several hundred people gathered.	https://assets.msn.com/labs/mind/BBWyztJ.html	"[{""Label"": ""Jeffersontown, Kentucky"", ""Type"": ""G"", ""WikidataId"": ""Q2018277"", ""Confidence"": 1.0, ""OccurrenceOffsets"": [22], ""SurfaceForms"": [""Jeffersontown""]}, {""Label"": ""Veterans Day"", ""Type"": ""H"", ""WikidataId"": ""Q755999"", ""Confidence"": 0.997, ""OccurrenceOffsets"": [0], ""SurfaceForms"": [""Veterans Day""]}]"	"[{""Label"": ""Jeffersontown, Kentucky"", ""Type"": ""G"", ""WikidataId"": ""Q2018277"", ""Confidence"": 1.0, ""OccurrenceOffsets"": [41], ""SurfaceForms"": [""Jeffersontown""]}, {""Label"": ""Veterans Day"", ""Type"": ""H"", ""WikidataId"": ""Q755999"", ""Confidence"": 0.997, ""OccurrenceOffsets"": [5], ""SurfaceForms"": [""Veterans Day""]}]"
N3354	sports	more_sports	NCDPS: Juveniles who escaped from N.C. development center may be in Hickory area		https://assets.msn.com/labs/mind/BBWyzux.html	"[{""Label"": ""North Carolina Department of Public Safety"", ""Type"": ""O"", ""WikidataId"": ""Q7054478"", ""Confidence"": 1.0, ""OccurrenceOffsets"": [0], ""SurfaceForms"": [""NCDPS""]}, {""Label"": ""Hickory, North Carolina"", ""Type"": ""G"", ""WikidataId"": ""Q2028564"", ""Confidence"": 0.994, ""OccurrenceOffsets"": [68], ""SurfaceForms"": [""Hickory""]}, {""Label"": ""North Carolina"", ""Type"": ""G"", ""WikidataId"": ""Q1454"", ""Confidence"": 1.0, ""OccurrenceOffsets"": [34], ""SurfaceForms"": [""N.C.""]}]"	[]
N35584	travel	travelnews	Veterans gather, share stories at Brick Store Museum exhibit ahead of American Legion Centennial	The Brick Store Museum in Kennebunk held an open house for veterans Sunday in celebration of the American Legion's centennial anniversary. At the museum, a new exhibit looks back at 100 years of history between the town of Kennebunk and the Webber-Lefebvre American Legion Post 74. The exhibit displays various artifacts, historical documents, military uniforms and photos on loan from the post. Sign up for our Newsletters The American Legion is...	https://assets.msn.com/labs/mind/BBWyzvw.html	"[{""Label"": ""Brick Store Museum"", ""Type"": ""F"", ""WikidataId"": ""Q4965948"", ""Confidence"": 1.0, ""OccurrenceOffsets"": [34], ""SurfaceForms"": [""Brick Store Museum""]}]"	"[{""Label"": ""American Legion"", ""Type"": ""O"", ""WikidataId"": ""Q468865"", ""Confidence"": 0.991, ""OccurrenceOffsets"": [97, 257, 424], ""SurfaceForms"": [""American Legion"", ""American Legion Post"", ""The American Legion""]}, {""Label"": ""Kennebunk, Maine"", ""Type"": ""G"", ""WikidataId"": ""Q1994665"", ""Confidence"": 1.0, ""OccurrenceOffsets"": [26, 223], ""SurfaceForms"": [""Kennebunk"", ""Kennebunk""]}, {""Label"": ""Brick Store Museum"", ""Type"": ""F"", ""WikidataId"": ""Q4965948"", ""Confidence"": 1.0, ""OccurrenceOffsets"": [4], ""SurfaceForms"": [""Brick Store Museum""]}]"
N21106	sports	football_nfl	Patriots: CB Stephon Gilmore's dominance has had much to do with New England being 8-1	The Patriots headed into their bye week after their first loss of 2019. At 8-1, however, there's been much more good than bad this season, so far. When the team returns for Week 11, they'll still be in the driver's seat for the AFC's No. 1 seed. The schedule won't be easy -- Philadelphia, Dallas, Houston and Kansas City -- but we'll see if the Patriots can regain their form from the first ...	https://assets.msn.com/labs/mind/BBWyzxW.html	"[{""Label"": ""New England Patriots"", ""Type"": ""O"", ""WikidataId"": ""Q193390"", ""Confidence"": 0.995, ""OccurrenceOffsets"": [0, 65], ""SurfaceForms"": [""Patriots"", ""New England""]}, {""Label"": ""Stephon Gilmore"", ""Type"": ""P"", ""WikidataId"": ""Q3973224"", ""Confidence"": 1.0, ""OccurrenceOffsets"": [13], ""SurfaceForms"": [""Stephon Gilmore""]}, {""Label"": ""Defender (association football)"", ""Type"": ""C"", ""WikidataId"": ""Q336286"", ""Confidence"": 0.935, ""OccurrenceOffsets"": [10], ""SurfaceForms"": [""CB""]}]"	"[{""Label"": ""New England Patriots"", ""Type"": ""O"", ""WikidataId"": ""Q193390"", ""Confidence"": 0.995, ""OccurrenceOffsets"": [0, 346], ""SurfaceForms"": [""The Patriots"", ""Patriots""]}, {""Label"": ""Dallas"", ""Type"": ""G"", ""WikidataId"": ""Q16557"", ""Confidence"": 0.998, ""OccurrenceOffsets"": [290], ""SurfaceForms"": [""Dallas""]}, {""Label"": ""Houston"", ""Type"": ""G"", ""WikidataId"": ""Q16555"", ""Confidence"": 0.995, ""OccurrenceOffsets"": [298], ""SurfaceForms"": [""Houston""]}, {""Label"": ""Philadelphia"", ""Type"": ""G"", ""WikidataId"": ""Q1345"", ""Confidence"": 0.999, ""OccurrenceOffsets"": [276], ""SurfaceForms"": [""Philadelphia""]}]"
N8371	sports	football_nfl	Rams' fake punt goes horribly wrong, Steelers get pick	Nothing seems to be working for the Rams against the Steelers, and this fake punt attempt was no exception.	https://assets.msn.com/labs/mind/BBWyzxz.html	"[{""Label"": ""Los Angeles Rams"", ""Type"": ""O"", ""WikidataId"": ""Q337377"", ""Confidence"": 0.998, ""OccurrenceOffsets"": [0], ""SurfaceForms"": [""Rams""]}, {""Label"": ""Pittsburgh Steelers"", ""Type"": ""O"", ""WikidataId"": ""Q191477"", ""Confidence"": 0.999, ""OccurrenceOffsets"": [37], ""SurfaceForms"": [""Steelers""]}]"	"[{""Label"": ""Los Angeles Rams"", ""Type"": ""O"", ""WikidataId"": ""Q337377"", ""Confidence"": 0.998, ""OccurrenceOffsets"": [36], ""SurfaceForms"": [""Rams""]}, {""Label"": ""Pittsburgh Steelers"", ""Type"": ""O"", ""WikidataId"": ""Q191477"", ""Confidence"": 0.999, ""OccurrenceOffsets"": [53], ""SurfaceForms"": [""Steelers""]}]"
N56061	sports	football_nfl	9 things we learned from Sunday's games of Week 10 of NFL season		https://assets.msn.com/labs/mind/BBWz0k4.html	"[{""Label"": ""National Football League"", ""Type"": ""O"", ""WikidataId"": ""Q1215884"", ""Confidence"": 1.0, ""OccurrenceOffsets"": [54], ""SurfaceForms"": [""NFL""]}]"	[]
N14622	news	newscrime	Family asks for help in solving May cold case	"Friends and family of a murder victim is asking the community for answers. Corey Johnson, 27, was gunned down on 18th and West Main Streets on May 21. His sister, Monique Johnson, says she has not heard anything from police as far as leads or suspects. Johnson is asking that if someone knows information regarding her brother's murder to come forward. ""I'm just pleading for the public, anyone who knows anything please speak,"" she said. Johnson's..."	https://assets.msn.com/labs/mind/BBWz0kE.html	[]	[]
N13341	news	newsus	Rising temperatures put U.S. troops at risk during training, report finds	By midcentury, troops could face an extra month of heat-index temperatures above 100 F every year, the Union of Concerned Scientists found.	https://assets.msn.com/labs/mind/BBWz0kj.html	"[{""Label"": ""United States"", ""Type"": ""G"", ""WikidataId"": ""Q30"", ""Confidence"": 0.999, ""OccurrenceOffsets"": [24], ""SurfaceForms"": [""U.S.""]}]"	"[{""Label"": ""Union of Concerned Scientists"", ""Type"": ""O"", ""WikidataId"": ""Q1136715"", ""Confidence"": 1.0, ""OccurrenceOffsets"": [103], ""SurfaceForms"": [""Union of Concerned Scientists""]}]"
N50451	news	newsus	Police: Man killed in crash, fire in Pleasant Ridge	A man is dead after a car crash turned into a fire in Pleasant Ridge late Sunday night. The crash happened around 10:30 p.m. on Ridge and Montgomery Road. Sign up for our Newsletters Police said emergency crews at the scene found the driver trapped in the car. Officials said the driver crashed into a utility pole causing the car to burst into flames. The driver later died from his injuries. Investigators said they believe the driver was speeding...	https://assets.msn.com/labs/mind/BBWz0m6.html	[]	"[{""Label"": ""Maryland Route 103"", ""Type"": ""S"", ""WikidataId"": ""Q2448258"", ""Confidence"": 1.0, ""OccurrenceOffsets"": [138], ""SurfaceForms"": [""Montgomery Road""]}]"
N40065	sports	more_sports	The Day in Sports: Sunday, November 10, 2019	The Day in Sports: Sunday, November 10, 2019	https://assets.msn.com/labs/mind/BBWz0mR.html	[]	[]
N17301	sports	football_nfl	Kirk Cousins responds to narrative about not being able to beat winning teams	Cousins helped deliver a huge win for the Vikings over the Cowboys Sunday night.	https://assets.msn.com/labs/mind/BBWz0tZ.html	"[{""Label"": ""Kirk Cousins"", ""Type"": ""P"", ""WikidataId"": ""Q431248"", ""Confidence"": 1.0, ""OccurrenceOffsets"": [0], ""SurfaceForms"": [""Kirk Cousins""]}]"	"[{""Label"": ""Kirk Cousins"", ""Type"": ""P"", ""WikidataId"": ""Q431248"", ""Confidence"": 1.0, ""OccurrenceOffsets"": [0], ""SurfaceForms"": [""Cousins""]}, {""Label"": ""Minnesota Vikings"", ""Type"": ""O"", ""WikidataId"": ""Q221150"", ""Confidence"": 0.999, ""OccurrenceOffsets"": [42], ""SurfaceForms"": [""Vikings""]}, {""Label"": ""Dallas Cowboys"", ""Type"": ""O"", ""WikidataId"": ""Q204862"", ""Confidence"": 1.0, ""OccurrenceOffsets"": [59], ""SurfaceForms"": [""Cowboys""]}]"
N241	finance	finance-companies	Are Stores Open on Veterans Day? Target, Aldi, Walmart and More	Will shoppers be able to make the most of Veterans Day deals this public holiday?	https://assets.msn.com/labs/mind/BBWz0up.html	"[{""Label"": ""Veterans Day"", ""Type"": ""H"", ""WikidataId"": ""Q755999"", ""Confidence"": 1.0, ""OccurrenceOffsets"": [19], ""SurfaceForms"": [""Veterans Day""]}, {""Label"": ""Aldi"", ""Type"": ""O"", ""WikidataId"": ""Q125054"", ""Confidence"": 1.0, ""OccurrenceOffsets"": [41], ""SurfaceForms"": [""Aldi""]}, {""Label"": ""Target Corporation"", ""Type"": ""O"", ""WikidataId"": ""Q1046951"", ""Confidence"": 1.0, ""OccurrenceOffsets"": [33], ""SurfaceForms"": [""Target""]}, {""Label"": ""Walmart"", ""Type"": ""O"", ""WikidataId"": ""Q483551"", ""Confidence"": 1.0, ""OccurrenceOffsets"": [47], ""SurfaceForms"": [""Walmart""]}]"	"[{""Label"": ""Veterans Day"", ""Type"": ""H"", ""WikidataId"": ""Q755999"", ""Confidence"": 1.0, ""OccurrenceOffsets"": [42], ""SurfaceForms"": [""Veterans Day""]}]"
N56193	sports	football_nfl	Cowboys have questionable red zone calls in loss to Vikings		https://assets.msn.com/labs/mind/BBWz2Xp.html	"[{""Label"": ""Dallas Cowboys"", ""Type"": ""O"", ""WikidataId"": ""Q204862"", ""Confidence"": 1.0, ""OccurrenceOffsets"": [0], ""SurfaceForms"": [""Cowboys""]}, {""Label"": ""Minnesota Vikings"", ""Type"": ""O"", ""WikidataId"": ""Q221150"", ""Confidence"": 0.998, ""OccurrenceOffsets"": [52], ""SurfaceForms"": [""Vikings""]}]"	[]
N33435	lifestyle	lifestylefamily	Four siblings, all veterans, celebrate Veterans Day in DC	Those who pay a visit to the solemn World War II Memorial will come across inscriptions, excerpts of speeches from leaders honoring those who laid down their lives for this country.	https://assets.msn.com/labs/mind/BBWz2YQ.html	"[{""Label"": ""Veterans Day"", ""Type"": ""H"", ""WikidataId"": ""Q755999"", ""Confidence"": 0.981, ""OccurrenceOffsets"": [39], ""SurfaceForms"": [""Veterans Day""]}]"	[]
N10529	sports	football_nfl	Week 10 Game Balls: Few Bright Spots in Colts Dismal Showing against Dolphins		https://assets.msn.com/labs/mind/BBWz39w.html	"[{""Label"": ""Bright spots on Ceres"", ""Type"": ""U"", ""WikidataId"": ""Q19921575"", ""Confidence"": 1.0, ""OccurrenceOffsets"": [24], ""SurfaceForms"": [""Bright Spots""]}, {""Label"": ""Miami Dolphins"", ""Type"": ""O"", ""WikidataId"": ""Q223243"", ""Confidence"": 0.998, ""OccurrenceOffsets"": [69], ""SurfaceForms"": [""Dolphins""]}]"	[]
N20332	news	newsworld	Langfords, 100 members of Mormon families leave Mexico after ambush	David Langford and his hero son, Devin, who helped save his siblings, are leaving Northwest Mexico, where Mormons lived for decades before drug cartels encroached.	https://assets.msn.com/labs/mind/BBWz3bR.html	"[{""Label"": ""Mormons"", ""Type"": ""O"", ""WikidataId"": ""Q3177118"", ""Confidence"": 0.998, ""OccurrenceOffsets"": [26], ""SurfaceForms"": [""Mormon""]}]"	"[{""Label"": ""Mormons"", ""Type"": ""O"", ""WikidataId"": ""Q3177118"", ""Confidence"": 0.998, ""OccurrenceOffsets"": [106], ""SurfaceForms"": [""Mormons""]}]"
N24301	sports	football_nfl	10 biggest disappointments of NFL Week 10	From quarterback play to special teams disasters, there was plenty of disappointment to go around in Week 10 of the NFL.	https://assets.msn.com/labs/mind/BBWz3eX.html	"[{""Label"": ""National Football League"", ""Type"": ""O"", ""WikidataId"": ""Q1215884"", ""Confidence"": 1.0, ""OccurrenceOffsets"": [30], ""SurfaceForms"": [""NFL""]}]"	"[{""Label"": ""National Football League"", ""Type"": ""O"", ""WikidataId"": ""Q1215884"", ""Confidence"": 1.0, ""OccurrenceOffsets"": [116], ""SurfaceForms"": [""NFL""]}]"
N5171	news	elections-2020-us	Still a chance? 2020 longshots insist race is up for grabs	Bernie Sanders rallied hundreds of supporters outside the New Hampshire capital when the senator formally filed to compete in the state's first-in-the-nation presidential primary.	https://assets.msn.com/labs/mind/BBWz3jH.html	[]	"[{""Label"": ""New Hampshire"", ""Type"": ""G"", ""WikidataId"": ""Q759"", ""Confidence"": 1.0, ""OccurrenceOffsets"": [58], ""SurfaceForms"": [""New Hampshire""]}, {""Label"": ""Bernie Sanders"", ""Type"": ""P"", ""WikidataId"": ""Q359442"", ""Confidence"": 1.0, ""OccurrenceOffsets"": [0], ""SurfaceForms"": [""Bernie Sanders""]}]"
N31581	news	newsus	Man killed in single-car crash after having medical emergency behind the wheel	A 52-year-old man was killed after he had a medical emergency behind the wheel. The Missouri State Highway Patrol said Jeffery T. Gregory was driving on Missouri Highway 79 near the intersection of East Terra Lane Sunday afternoon at around 12:45 when he had a medical emergency. The crash report said the car drove off the left side of the road, ended up on East Terra Lane and flipped before slamming into a concrete median. He was pronounced dead...	https://assets.msn.com/labs/mind/BBWz5Cb.html	[]	"[{""Label"": ""Missouri State Highway Patrol"", ""Type"": ""O"", ""WikidataId"": ""Q6879721"", ""Confidence"": 1.0, ""OccurrenceOffsets"": [84], ""SurfaceForms"": [""Missouri State Highway Patrol""]}, {""Label"": ""Missouri Route 79"", ""Type"": ""S"", ""WikidataId"": ""Q2485266"", ""Confidence"": 1.0, ""OccurrenceOffsets"": [153], ""SurfaceForms"": [""Missouri Highway 79""]}]"
N413	news	newsscienceandtechnology	Google Maps lets you manage your public profile from the Android app	"Google Maps increasingly thrives on user contributions to fill in details, but you haven't had the option to manage your public profile from the phone app you're probably using to make those contributions. That's a bit backwards, but Google is thankfully setting things right. An updated version of the Android app lets you manage your profile from a new ""your profile"" item in the side menu."	https://assets.msn.com/labs/mind/BBWz5Gy.html	"[{""Label"": ""Google Maps"", ""Type"": ""M"", ""WikidataId"": ""Q12013"", ""Confidence"": 1.0, ""OccurrenceOffsets"": [0], ""SurfaceForms"": [""Google Maps""]}, {""Label"": ""Android (operating system)"", ""Type"": ""J"", ""WikidataId"": ""Q94"", ""Confidence"": 0.999, ""OccurrenceOffsets"": [57], ""SurfaceForms"": [""Android""]}]"	"[{""Label"": ""Google Maps"", ""Type"": ""M"", ""WikidataId"": ""Q12013"", ""Confidence"": 1.0, ""OccurrenceOffsets"": [0], ""SurfaceForms"": [""Google Maps""]}, {""Label"": ""Android (operating system)"", ""Type"": ""J"", ""WikidataId"": ""Q94"", ""Confidence"": 0.999, ""OccurrenceOffsets"": [303], ""SurfaceForms"": [""Android""]}, {""Label"": ""Google"", ""Type"": ""O"", ""WikidataId"": ""Q95"", ""Confidence"": 1.0, ""OccurrenceOffsets"": [234], ""SurfaceForms"": [""Google""]}]"
N43567	news	newspolitics	High-stakes televised impeachment hearings set for next week	William Taylor, the top diplomat in Ukraine, will testify, and Republicans hope to hear from Hunter Biden and the anonymous whistleblower.	https://assets.msn.com/labs/mind/BBWz5Hi.html	"[{""Label"": ""High-stakes testing"", ""Type"": ""E"", ""WikidataId"": ""Q3496346"", ""Confidence"": 1.0, ""OccurrenceOffsets"": [0], ""SurfaceForms"": [""High-stakes""]}]"	"[{""Label"": ""Ukraine"", ""Type"": ""G"", ""WikidataId"": ""Q212"", ""Confidence"": 0.993, ""OccurrenceOffsets"": [36], ""SurfaceForms"": [""Ukraine""]}, {""Label"": ""Republican Party (United States)"", ""Type"": ""O"", ""WikidataId"": ""Q29468"", ""Confidence"": 0.999, ""OccurrenceOffsets"": [63], ""SurfaceForms"": [""Republicans""]}]"
N39983	news	newscrime	NYPD Defends Officers In Arrest Of Illegal Food Vendor	Despite criticism from some city officials, the NYPD says its officers acted properly in arresting a woman who was illegally selling churros inside a Brooklyn subway station. CBS2's Lisa Rozner reports	https://assets.msn.com/labs/mind/BBWz5xQ.html	"[{""Label"": ""New York City Police Department"", ""Type"": ""O"", ""WikidataId"": ""Q328473"", ""Confidence"": 1.0, ""OccurrenceOffsets"": [0], ""SurfaceForms"": [""NYPD""]}]"	"[{""Label"": ""New York City Police Department"", ""Type"": ""O"", ""WikidataId"": ""Q328473"", ""Confidence"": 1.0, ""OccurrenceOffsets"": [48], ""SurfaceForms"": [""NYPD""]}, {""Label"": ""Brooklyn"", ""Type"": ""G"", ""WikidataId"": ""Q18419"", ""Confidence"": 0.999, ""OccurrenceOffsets"": [150], ""SurfaceForms"": [""Brooklyn""]}]"
N9739	sports	football_nfl_videos	Vikings edge Cowboys on 'SNF'	Watch the Minnesota Vikings vs. Dallas Cowboys highlights from Week 10 of the 2019 season.	https://assets.msn.com/labs/mind/BBWz5xc.html	"[{""Label"": ""Dallas Cowboys"", ""Type"": ""O"", ""WikidataId"": ""Q204862"", ""Confidence"": 1.0, ""OccurrenceOffsets"": [13], ""SurfaceForms"": [""Cowboys""]}, {""Label"": ""NBC Sunday Night Football"", ""Type"": ""W"", ""WikidataId"": ""Q6952794"", ""Confidence"": 1.0, ""OccurrenceOffsets"": [25], ""SurfaceForms"": [""SNF""]}, {""Label"": ""Vikings"", ""Type"": ""U"", ""WikidataId"": ""Q12567"", ""Confidence"": 0.907, ""OccurrenceOffsets"": [0], ""SurfaceForms"": [""Vikings""]}]"	"[{""Label"": ""Dallas Cowboys"", ""Type"": ""O"", ""WikidataId"": ""Q204862"", ""Confidence"": 1.0, ""OccurrenceOffsets"": [32], ""SurfaceForms"": [""Dallas Cowboys""]}, {""Label"": ""Minnesota Vikings"", ""Type"": ""O"", ""WikidataId"": ""Q221150"", ""Confidence"": 1.0, ""OccurrenceOffsets"": [10], ""SurfaceForms"": [""Minnesota Vikings""]}]"
N218	video	news	Bolivia protesters celebrate Morales' resignation	Bolivian opposition protesters celebrated joyously in the streets of La Paz on Sunday evening after Bolivian President Evo Morales said he would resign following weeks of protests over a disputed election that has roiled the South American nation.	https://assets.msn.com/labs/mind/BBWzAJc.html	"[{""Label"": ""Evo Morales"", ""Type"": ""P"", ""WikidataId"": ""Q42410"", ""Confidence"": 1.0, ""OccurrenceOffsets"": [29], ""SurfaceForms"": [""Morales""]}, {""Label"": ""Bolivia"", ""Type"": ""G"", ""WikidataId"": ""Q750"", ""Confidence"": 0.999, ""OccurrenceOffsets"": [0], ""SurfaceForms"": [""Bolivia""]}]"	"[{""Label"": ""Evo Morales"", ""Type"": ""P"", ""WikidataId"": ""Q42410"", ""Confidence"": 1.0, ""OccurrenceOffsets"": [119], ""SurfaceForms"": [""Evo Morales""]}, {""Label"": ""President of Bolivia"", ""Type"": ""K"", ""WikidataId"": ""Q373548"", ""Confidence"": 1.0, ""OccurrenceOffsets"": [100], ""SurfaceForms"": [""Bolivian President""]}, {""Label"": ""La Paz"", ""Type"": ""G"", ""WikidataId"": ""Q1491"", ""Confidence"": 0.999, ""OccurrenceOffsets"": [69], ""SurfaceForms"": [""La Paz""]}]"
N61572	sports	football_nfl	Believe in 'Minkah Magic' as Fitzpatrick sparks Steelers' turnaround	Discarded by the Dolphins after a little more than a season, Minkah Fitzpatrick is making a considerable difference for a surging Steelers team.	https://assets.msn.com/labs/mind/BBWzAJj.html	"[{""Label"": ""Pittsburgh Steelers"", ""Type"": ""O"", ""WikidataId"": ""Q191477"", ""Confidence"": 1.0, ""OccurrenceOffsets"": [48], ""SurfaceForms"": [""Steelers""]}, {""Label"": ""Minkah Fitzpatrick"", ""Type"": ""P"", ""WikidataId"": ""Q26132256"", ""Confidence"": 0.976, ""OccurrenceOffsets"": [29], ""SurfaceForms"": [""Fitzpatrick""]}]"	"[{""Label"": ""Pittsburgh Steelers"", ""Type"": ""O"", ""WikidataId"": ""Q191477"", ""Confidence"": 1.0, ""OccurrenceOffsets"": [130], ""SurfaceForms"": [""Steelers""]}, {""Label"": ""Minkah Fitzpatrick"", ""Type"": ""P"", ""WikidataId"": ""Q26132256"", ""Confidence"": 0.976, ""OccurrenceOffsets"": [61], ""SurfaceForms"": [""Minkah Fitzpatrick""]}, {""Label"": ""Miami Dolphins"", ""Type"": ""O"", ""WikidataId"": ""Q223243"", ""Confidence"": 0.998, ""OccurrenceOffsets"": [17], ""SurfaceForms"": [""Dolphins""]}]"
N18340	sports	basketball_nba	Raptors end Lakers' 7-game winning streak in 113-104 victory	LOS ANGELES (AP)   The centerpiece of the Toronto Raptors' championship team works at Staples Center now. Two more key components of last season's sublime roster got injured right before the Raptors arrived in Los Angeles for the reunion. In the opening weeks of life after Kawhi, the defending champs are learning they might be deeper than even they realized. They definitely had enough to hold off Staples' marquee tenants in a remarkable...	https://assets.msn.com/labs/mind/BBWzALP.html	"[{""Label"": ""Toronto Raptors"", ""Type"": ""O"", ""WikidataId"": ""Q132880"", ""Confidence"": 1.0, ""OccurrenceOffsets"": [0], ""SurfaceForms"": [""Raptors""]}, {""Label"": ""Los Angeles Lakers"", ""Type"": ""O"", ""WikidataId"": ""Q121783"", ""Confidence"": 1.0, ""OccurrenceOffsets"": [12], ""SurfaceForms"": [""Lakers""]}]"	"[{""Label"": ""Toronto Raptors"", ""Type"": ""O"", ""WikidataId"": ""Q132880"", ""Confidence"": 1.0, ""OccurrenceOffsets"": [42, 191], ""SurfaceForms"": [""Toronto Raptors"", ""Raptors""]}, {""Label"": ""Staples Center"", ""Type"": ""S"", ""WikidataId"": ""Q186080"", ""Confidence"": 1.0, ""OccurrenceOffsets"": [86, 400], ""SurfaceForms"": [""Staples Center"", ""Staples""]}, {""Label"": ""Los Angeles Lakers"", ""Type"": ""O"", ""WikidataId"": ""Q121783"", ""Confidence"": 1.0, ""OccurrenceOffsets"": [0, 210], ""SurfaceForms"": [""LOS ANGELES"", ""Los Angeles""]}, {""Label"": ""Kawhi Leonard"", ""Type"": ""P"", ""WikidataId"": ""Q926248"", ""Confidence"": 1.0, ""OccurrenceOffsets"": [274], ""SurfaceForms"": [""Kawhi""]}]"
N6940	finance	finance-career-education	Kaiser Permanente CEO And Affordable Health Care Advocate Bernard J. Tyson Dies	Health care provider Kaiser Permanente said Sunday its chairman and CEO, Bernard J. Tyson, has died unexpectedly at the age of 60.	https://assets.msn.com/labs/mind/BBWzANI.html	"[{""Label"": ""Kaiser Permanente"", ""Type"": ""O"", ""WikidataId"": ""Q1721601"", ""Confidence"": 1.0, ""OccurrenceOffsets"": [0], ""SurfaceForms"": [""Kaiser Permanente""]}]"	"[{""Label"": ""Bernard Tyson"", ""Type"": ""P"", ""WikidataId"": ""Q19873335"", ""Confidence"": 1.0, ""OccurrenceOffsets"": [73], ""SurfaceForms"": [""Bernard J. Tyson""]}, {""Label"": ""Kaiser Permanente"", ""Type"": ""O"", ""WikidataId"": ""Q1721601"", ""Confidence"": 1.0, ""OccurrenceOffsets"": [21], ""SurfaceForms"": [""Kaiser Permanente""]}]"
N55199	news	newsus	Winter homeless shelter remains unopened after protests		https://assets.msn.com/labs/mind/BBWzAPK.html	[]	[]
N25142	entertainment	awards	Robert Downey Jr. reassures fans he didn't die at 2019 E! PCAs	"Tony Stark has risen from the dead! The ""Iron Man"" star takes the stage to kick off the E! People's Choice Awards with a bang! Watch."	https://assets.msn.com/labs/mind/BBWzARl.html	"[{""Label"": ""Robert Downey Jr."", ""Type"": ""P"", ""WikidataId"": ""Q165219"", ""Confidence"": 1.0, ""OccurrenceOffsets"": [0], ""SurfaceForms"": [""Robert Downey Jr.""]}, {""Label"": ""Castilian Party"", ""Type"": ""O"", ""WikidataId"": ""Q6063925"", ""Confidence"": 0.999, ""OccurrenceOffsets"": [58], ""SurfaceForms"": [""PCAs""]}]"	"[{""Label"": ""Tony Stark (Marvel Cinematic Universe)"", ""Type"": ""R"", ""WikidataId"": ""Q23894967"", ""Confidence"": 0.982, ""OccurrenceOffsets"": [0], ""SurfaceForms"": [""Tony Stark""]}]"
N40147	sports	football_nfl	Well, they'll take it: Shining light on the highs and lows from the Bears' win over the Lions on the Bear Download podcast	Welcome to the Bear Download podcast. Listen below or subscribe and listen on iTunes | Spotify | Stitcher | Google Play Bears win! Well, yes, they did end their four-game losing streak with a 20-13 victory over the shorthanded Lions. But Rich and Dan break it all down and let some air out of the balloon -- not that much was in there to start. On the bright side, quarterback Mitch Trubisky ...	https://assets.msn.com/labs/mind/BBWzAV9.html	[]	"[{""Label"": ""Mitchell Trubisky"", ""Type"": ""P"", ""WikidataId"": ""Q26405845"", ""Confidence"": 1.0, ""OccurrenceOffsets"": [377], ""SurfaceForms"": [""Mitch Trubisky""]}, {""Label"": ""Stitcher Radio"", ""Type"": ""O"", ""WikidataId"": ""Q7617643"", ""Confidence"": 1.0, ""OccurrenceOffsets"": [97], ""SurfaceForms"": [""Stitcher""]}, {""Label"": ""ITunes"", ""Type"": ""W"", ""WikidataId"": ""Q9589"", ""Confidence"": 0.987, ""OccurrenceOffsets"": [78], ""SurfaceForms"": [""iTunes""]}, {""Label"": ""Spotify"", ""Type"": ""J"", ""WikidataId"": ""Q689141"", ""Confidence"": 1.0, ""OccurrenceOffsets"": [87], ""SurfaceForms"": [""Spotify""]}]"
N41222	news	newsworld	Evo Morales of Bolivia Accepts Asylum in Mexico	Evo Morales, the former president of Bolivia who resigned under pressure from street protests and the military, was granted asylum in Mexico on Monday, departing from the country at a time when it is deeply polarized and leaderless.	https://assets.msn.com/labs/mind/BBWzAVm.html	"[{""Label"": ""Evo Morales"", ""Type"": ""P"", ""WikidataId"": ""Q42410"", ""Confidence"": 1.0, ""OccurrenceOffsets"": [0], ""SurfaceForms"": [""Evo Morales""]}, {""Label"": ""Bolivia"", ""Type"": ""G"", ""WikidataId"": ""Q750"", ""Confidence"": 1.0, ""OccurrenceOffsets"": [15], ""SurfaceForms"": [""Bolivia""]}, {""Label"": ""Mexico"", ""Type"": ""G"", ""WikidataId"": ""Q96"", ""Confidence"": 0.996, ""OccurrenceOffsets"": [41], ""SurfaceForms"": [""Mexico""]}]"	"[{""Label"": ""Evo Morales"", ""Type"": ""P"", ""WikidataId"": ""Q42410"", ""Confidence"": 1.0, ""OccurrenceOffsets"": [0], ""SurfaceForms"": [""Evo Morales""]}, {""Label"": ""Bolivia"", ""Type"": ""G"", ""WikidataId"": ""Q750"", ""Confidence"": 1.0, ""OccurrenceOffsets"": [37], ""SurfaceForms"": [""Bolivia""]}, {""Label"": ""Mexico"", ""Type"": ""G"", ""WikidataId"": ""Q96"", ""Confidence"": 0.996, ""OccurrenceOffsets"": [134], ""SurfaceForms"": [""Mexico""]}]"
N208	sports	football_nfl	Five winners and five losers as the Dallas Cowboys drop a heartbreaker to the Minnesota Vikings	A tough loss to swallow for the Cowboys.	https://assets.msn.com/labs/mind/BBWzB4R.html	"[{""Label"": ""Dallas Cowboys"", ""Type"": ""O"", ""WikidataId"": ""Q204862"", ""Confidence"": 1.0, ""OccurrenceOffsets"": [36], ""SurfaceForms"": [""Dallas Cowboys""]}, {""Label"": ""Minnesota Vikings"", ""Type"": ""O"", ""WikidataId"": ""Q221150"", ""Confidence"": 1.0, ""OccurrenceOffsets"": [78], ""SurfaceForms"": [""Minnesota Vikings""]}]"	"[{""Label"": ""Dallas Cowboys"", ""Type"": ""O"", ""WikidataId"": ""Q204862"", ""Confidence"": 1.0, ""OccurrenceOffsets"": [32], ""SurfaceForms"": [""Cowboys""]}]"
N27974	weather	weathertopstories	Colder Temperatures And A Wintery Mix Expected Monday	First on Fox, we begin tonight on the winter watch today`s fall feel giving way to winter in a hurry, and that means getting prepared for the quick change in seasons, and that means some snow. Fox 2/News 11`s Blair Ledet begins our coverage.	https://assets.msn.com/labs/mind/BBWzBPy.html	[]	[]
N3411	sports	basketball_ncaa	Aldermen, Parents And Players Hope SLPS Will Reconsider Roosevelt Coach Termination	New tonight, the Roosevelt High School football coach was fired for contacting players through social media. But theres a push to have him re-instated. Fox 2/News 11s Jeff Bernthal was live with why several St. Louis aldermen want the district to re-consider the coachs termination.	https://assets.msn.com/labs/mind/BBWzBPz.html	[]	"[{""Label"": ""KTVI"", ""Type"": ""M"", ""WikidataId"": ""Q14704402"", ""Confidence"": 1.0, ""OccurrenceOffsets"": [152], ""SurfaceForms"": [""Fox 2""]}, {""Label"": ""Roosevelt High School (St. Louis)"", ""Type"": ""F"", ""WikidataId"": ""Q7366453"", ""Confidence"": 1.0, ""OccurrenceOffsets"": [17], ""SurfaceForms"": [""Roosevelt High School""]}, {""Label"": ""St. Louis"", ""Type"": ""G"", ""WikidataId"": ""Q38022"", ""Confidence"": 1.0, ""OccurrenceOffsets"": [207], ""SurfaceForms"": [""St. Louis""]}]"
N5	sports	icehockey_nhl	Even David Pastrnak's slumps are superstar caliber for Bruins	Guess David Pastrnak isn't going to score 82 goals and accumulate 164 points this season. Or at least he's not on pace to do anymore. After scoring 15 goals and adding 15 assists through the Bruins' first 15 games, Pastrnak had gone two games without a point after he was blanked in Boston's 3-2 shootout loss to Philadelphia at TD Garden on Sunday. Oh the humanity! But here's where things stand in the 23-year-old sniper's career. Gone are the...	https://assets.msn.com/labs/mind/BBWzBi6.html	"[{""Label"": ""David Pastr\u0148\u00e1k"", ""Type"": ""P"", ""WikidataId"": ""Q16224594"", ""Confidence"": 1.0, ""OccurrenceOffsets"": [5], ""SurfaceForms"": [""David Pastrnak""]}, {""Label"": ""Boston Bruins"", ""Type"": ""O"", ""WikidataId"": ""Q194121"", ""Confidence"": 1.0, ""OccurrenceOffsets"": [55], ""SurfaceForms"": [""Bruins""]}]"	"[{""Label"": ""David Pastr\u0148\u00e1k"", ""Type"": ""P"", ""WikidataId"": ""Q16224594"", ""Confidence"": 1.0, ""OccurrenceOffsets"": [6, 215], ""SurfaceForms"": [""David Pastrnak"", ""Pastrnak""]}, {""Label"": ""Boston Bruins"", ""Type"": ""O"", ""WikidataId"": ""Q194121"", ""Confidence"": 1.0, ""OccurrenceOffsets"": [191, 283], ""SurfaceForms"": [""Bruins"", ""Boston""]}, {""Label"": ""Guess (clothing)"", ""Type"": ""O"", ""WikidataId"": ""Q1500326"", ""Confidence"": 0.959, ""OccurrenceOffsets"": [0], ""SurfaceForms"": [""Guess""]}, {""Label"": ""TD Garden"", ""Type"": ""S"", ""WikidataId"": ""Q432105"", ""Confidence"": 1.0, ""OccurrenceOffsets"": [329], ""SurfaceForms"": [""TD Garden""]}, {""Label"": ""Philadelphia"", ""Type"": ""G"", ""WikidataId"": ""Q1345"", ""Confidence"": 0.981, ""OccurrenceOffsets"": [313], ""SurfaceForms"": [""Philadelphia""]}]"
N20831	sports	soccer_mls	New buzz on possibility of Major League Soccer in Charlotte	"Charlotte appears to be in the driver's seat for Major League Soccer's 30th franchise. MLS Commissioner Don Garber mentioned Charlotte as one of three cities in the running at Friday's State of the League press conference. ""It is very likely that we'll announce [the] team 30 in the next number of months,"" Garber said. Garber acknowledged Charlotte, Phoenix and Las Vegas as cities in the mix for expansion. ""It's fair to say that Charlotte has..."	https://assets.msn.com/labs/mind/BBWzBjj.html	"[{""Label"": ""Major League Soccer"", ""Type"": ""O"", ""WikidataId"": ""Q18543"", ""Confidence"": 1.0, ""OccurrenceOffsets"": [27], ""SurfaceForms"": [""Major League Soccer""]}]"	"[{""Label"": ""Major League Soccer"", ""Type"": ""O"", ""WikidataId"": ""Q18543"", ""Confidence"": 1.0, ""OccurrenceOffsets"": [49, 198], ""SurfaceForms"": [""Major League Soccer"", ""League""]}, {""Label"": ""Don Garber"", ""Type"": ""P"", ""WikidataId"": ""Q4133583"", ""Confidence"": 1.0, ""OccurrenceOffsets"": [104, 307, 320], ""SurfaceForms"": [""Don Garber"", ""Garber"", ""Garber""]}, {""Label"": ""Phoenix, Arizona"", ""Type"": ""G"", ""WikidataId"": ""Q16556"", ""Confidence"": 0.996, ""OccurrenceOffsets"": [351], ""SurfaceForms"": [""Phoenix""]}, {""Label"": ""Las Vegas"", ""Type"": ""G"", ""WikidataId"": ""Q23768"", ""Confidence"": 0.991, ""OccurrenceOffsets"": [363], ""SurfaceForms"": [""Las Vegas""]}]"
N5497	news	newsus	Still teaching at 95, Jimmy Carter draws devotees to church	PLAINS, Ga. (AP)   The pilgrims arrive early and from all over, gathering hours before daybreak in an old pecan grove that surrounds a country church. They come, they say, for a dose of simple decency and devotion wrapped up in a Bible lesson. The teacher is the 39th president of the United States, Jimmy Carter. Nearly four decades after he left office and despite a body that's failing after 95 years, the nation's oldest-ever ex-president still...	https://assets.msn.com/labs/mind/BBWzBrF.html	"[{""Label"": ""Jimmy Carter"", ""Type"": ""P"", ""WikidataId"": ""Q23685"", ""Confidence"": 1.0, ""OccurrenceOffsets"": [22], ""SurfaceForms"": [""Jimmy Carter""]}]"	"[{""Label"": ""Jimmy Carter"", ""Type"": ""P"", ""WikidataId"": ""Q23685"", ""Confidence"": 1.0, ""OccurrenceOffsets"": [263, 300], ""SurfaceForms"": [""39th president of the United States"", ""Jimmy Carter""]}, {""Label"": ""Plains, Georgia"", ""Type"": ""G"", ""WikidataId"": ""Q608527"", ""Confidence"": 1.0, ""OccurrenceOffsets"": [0], ""SurfaceForms"": [""PLAINS""]}, {""Label"": ""Associated Press"", ""Type"": ""O"", ""WikidataId"": ""Q40469"", ""Confidence"": 0.91, ""OccurrenceOffsets"": [13], ""SurfaceForms"": [""AP""]}, {""Label"": ""Georgia (U.S. state)"", ""Type"": ""G"", ""WikidataId"": ""Q1428"", ""Confidence"": 1.0, ""OccurrenceOffsets"": [8], ""SurfaceForms"": [""Ga""]}, {""Label"": ""Bible"", ""Type"": ""U"", ""WikidataId"": ""Q1845"", ""Confidence"": 0.999, ""OccurrenceOffsets"": [230], ""SurfaceForms"": [""Bible""]}]"
N13019	video	lifestyle	Still teaching at 95, Jimmy Carter draws devotees to church	Former President Jimmy Carter can still draw a crowd, and he does each time he teaches Sunday school in his hometown of Plains, Georgia. (Nov. 11)	https://assets.msn.com/labs/mind/BBWzBzk.html	"[{""Label"": ""Jimmy Carter"", ""Type"": ""P"", ""WikidataId"": ""Q23685"", ""Confidence"": 0.999, ""OccurrenceOffsets"": [22], ""SurfaceForms"": [""Jimmy Carter""]}]"	"[{""Label"": ""Jimmy Carter"", ""Type"": ""P"", ""WikidataId"": ""Q23685"", ""Confidence"": 0.999, ""OccurrenceOffsets"": [17], ""SurfaceForms"": [""Jimmy Carter""]}, {""Label"": ""Plains, Georgia"", ""Type"": ""G"", ""WikidataId"": ""Q608527"", ""Confidence"": 1.0, ""OccurrenceOffsets"": [120], ""SurfaceForms"": [""Plains""]}, {""Label"": ""Georgia (U.S. state)"", ""Type"": ""G"", ""WikidataId"": ""Q1428"", ""Confidence"": 0.997, ""OccurrenceOffsets"": [128], ""SurfaceForms"": [""Georgia""]}]"
N6379	news	newscrime	California cops respond to 2 homeless men shot with arrows: report	Two homeless men living at an encampment near San Francisco were shot with arrows early Sunday in an attack that was not random, a report said.	https://assets.msn.com/labs/mind/BBWzCZq.html	"[{""Label"": ""California"", ""Type"": ""G"", ""WikidataId"": ""Q99"", ""Confidence"": 0.993, ""OccurrenceOffsets"": [0], ""SurfaceForms"": [""California""]}]"	"[{""Label"": ""San Francisco"", ""Type"": ""G"", ""WikidataId"": ""Q62"", ""Confidence"": 0.987, ""OccurrenceOffsets"": [46], ""SurfaceForms"": [""San Francisco""]}]"
N10311	news	newsworld	Turkish army takes CNN inside Syria's safe zone	A month after Turkey launched its operation into northern Syria, major combat operations around the town of Tal Abyad may have ended, but the battle for this part of Syria is far from over. CNN's Jomana Karadsheh reports.	https://assets.msn.com/labs/mind/BBWzCnN.html	"[{""Label"": ""Syria"", ""Type"": ""G"", ""WikidataId"": ""Q858"", ""Confidence"": 0.99, ""OccurrenceOffsets"": [30], ""SurfaceForms"": [""Syria""]}, {""Label"": ""CNN"", ""Type"": ""M"", ""WikidataId"": ""Q48340"", ""Confidence"": 0.998, ""OccurrenceOffsets"": [19], ""SurfaceForms"": [""CNN""]}, {""Label"": ""Turkish Land Forces"", ""Type"": ""O"", ""WikidataId"": ""Q1954282"", ""Confidence"": 0.999, ""OccurrenceOffsets"": [0], ""SurfaceForms"": [""Turkish army""]}]"	"[{""Label"": ""Syria"", ""Type"": ""G"", ""WikidataId"": ""Q858"", ""Confidence"": 0.99, ""OccurrenceOffsets"": [58, 166], ""SurfaceForms"": [""Syria"", ""Syria""]}, {""Label"": ""Tell Abyad"", ""Type"": ""G"", ""WikidataId"": ""Q1896205"", ""Confidence"": 1.0, ""OccurrenceOffsets"": [108], ""SurfaceForms"": [""Tal Abyad""]}, {""Label"": ""CNN"", ""Type"": ""M"", ""WikidataId"": ""Q48340"", ""Confidence"": 0.998, ""OccurrenceOffsets"": [190], ""SurfaceForms"": [""CNN""]}, {""Label"": ""Turkey"", ""Type"": ""G"", ""WikidataId"": ""Q43"", ""Confidence"": 0.981, ""OccurrenceOffsets"": [14], ""SurfaceForms"": [""Turkey""]}]"
N5027	news	newsscienceandtechnology	NEW DETAILS: Wright Brothers airport eyes growth as upgrades continue	Dayton-Wright Brothers Airport is in the midst of what is expected be more than $4 million in investments as it broadens its regional reach.	https://assets.msn.com/labs/mind/BBWzD00.html	"[{""Label"": ""Dayton\u2013Wright Brothers Airport"", ""Type"": ""F"", ""WikidataId"": ""Q1708105"", ""Confidence"": 1.0, ""OccurrenceOffsets"": [13], ""SurfaceForms"": [""Wright Brothers airport""]}]"	"[{""Label"": ""Dayton\u2013Wright Brothers Airport"", ""Type"": ""F"", ""WikidataId"": ""Q1708105"", ""Confidence"": 1.0, ""OccurrenceOffsets"": [0], ""SurfaceForms"": [""Dayton-Wright Brothers Airport""]}]"
N64760	news	newsoffbeat	Supermarket magnate John Catsimatidis offers $1,000 reward in case of possible Queens cat poisonings	It might take Cats to catch a heartless feline killer. Supermarket mogul and one-time mayoral hopeful John Catsimatidis is offering a $1,000 reward for information on a suspected cat killer who animal rights activists believe is poisoning feral felines in Queens. Catsimatidis announced the reward on his Cats Roundtable radio show Sunday morning during a segment with Guardian Angels ...	https://assets.msn.com/labs/mind/BBWzD8P.html	"[{""Label"": ""Queens"", ""Type"": ""G"", ""WikidataId"": ""Q18424"", ""Confidence"": 1.0, ""OccurrenceOffsets"": [79], ""SurfaceForms"": [""Queens""]}]"	"[{""Label"": ""Guardian Angels"", ""Type"": ""O"", ""WikidataId"": ""Q614136"", ""Confidence"": 0.999, ""OccurrenceOffsets"": [369], ""SurfaceForms"": [""Guardian Angels""]}, {""Label"": ""Queens"", ""Type"": ""G"", ""WikidataId"": ""Q18424"", ""Confidence"": 1.0, ""OccurrenceOffsets"": [256], ""SurfaceForms"": [""Queens""]}]"
N43432	news	newsus	US Forest Service shuts down vandalized Georgia park feature	GAINESVILLE, Ga. (AP)   The U.S. Forest Service says vandalism is forcing it to shut down a popular fall leaf viewing destination in Georgia. The agency posted photos to Facebook on Friday showing a wooden platform covered in white spray paint overlooking the mountainous north Georgia landscape at Chattahoochee-Oconee National Forests.	https://assets.msn.com/labs/mind/BBWzDfU.html	"[{""Label"": ""Georgia (U.S. state)"", ""Type"": ""G"", ""WikidataId"": ""Q1428"", ""Confidence"": 0.926, ""OccurrenceOffsets"": [40], ""SurfaceForms"": [""Georgia""]}, {""Label"": ""United States Forest Service"", ""Type"": ""O"", ""WikidataId"": ""Q1891156"", ""Confidence"": 1.0, ""OccurrenceOffsets"": [0], ""SurfaceForms"": [""US Forest Service""]}]"	"[{""Label"": ""Georgia (U.S. state)"", ""Type"": ""G"", ""WikidataId"": ""Q1428"", ""Confidence"": 0.926, ""OccurrenceOffsets"": [13, 133, 278], ""SurfaceForms"": [""Ga"", ""Georgia"", ""Georgia""]}, {""Label"": ""Gainesville, Georgia"", ""Type"": ""G"", ""WikidataId"": ""Q651051"", ""Confidence"": 0.995, ""OccurrenceOffsets"": [0], ""SurfaceForms"": [""GAINESVILLE""]}, {""Label"": ""United States Forest Service"", ""Type"": ""O"", ""WikidataId"": ""Q1891156"", ""Confidence"": 1.0, ""OccurrenceOffsets"": [33], ""SurfaceForms"": [""Forest Service""]}, {""Label"": ""Chattahoochee\u2013Oconee National Forest"", ""Type"": ""N"", ""WikidataId"": ""Q1068278"", ""Confidence"": 1.0, ""OccurrenceOffsets"": [299], ""SurfaceForms"": [""Chattahoochee-Oconee National Forests""]}, {""Label"": ""Facebook"", ""Type"": ""O"", ""WikidataId"": ""Q355"", ""Confidence"": 0.999, ""OccurrenceOffsets"": [170], ""SurfaceForms"": [""Facebook""]}, {""Label"": ""United States"", ""Type"": ""G"", ""WikidataId"": ""Q30"", ""Confidence"": 0.982, ""OccurrenceOffsets"": [24], ""SurfaceForms"": [""The U.S.""]}]"
N17258	news	newsscienceandtechnology	Realme takes chunk of India mobile market as Samsung slides	Over 400 percent more phones shipped year-on-year	https://assets.msn.com/labs/mind/BBWzDfx.html	"[{""Label"": ""Realme"", ""Type"": ""N"", ""WikidataId"": ""Q56275466"", ""Confidence"": 1.0, ""OccurrenceOffsets"": [0], ""SurfaceForms"": [""Realme""]}, {""Label"": ""Samsung"", ""Type"": ""O"", ""WikidataId"": ""Q20716"", ""Confidence"": 1.0, ""OccurrenceOffsets"": [45], ""SurfaceForms"": [""Samsung""]}, {""Label"": ""India"", ""Type"": ""G"", ""WikidataId"": ""Q668"", ""Confidence"": 0.996, ""OccurrenceOffsets"": [22], ""SurfaceForms"": [""India""]}]"	[]
N23858	sports	golf	Young Northeast Florida fans flock to U.S. women's soccer	When the U.S. women's national soccer team arrived in Jacksonville for a final exhibition match to conclude their 2019 Victory Tour at TIAA Bank Field against Costa Rica Sunday night, area fans were waiting for them. Although the suspense was low, since the U.S. women's national team has put up an impressive 14-0-0 all-time record against Costa Rica, soccer fans from far and wide showed out to ...	https://assets.msn.com/labs/mind/BBWzQB8.html	"[{""Label"": ""First Coast"", ""Type"": ""G"", ""WikidataId"": ""Q21855507"", ""Confidence"": 1.0, ""OccurrenceOffsets"": [6], ""SurfaceForms"": [""Northeast Florida""]}, {""Label"": ""United States"", ""Type"": ""G"", ""WikidataId"": ""Q30"", ""Confidence"": 0.965, ""OccurrenceOffsets"": [38], ""SurfaceForms"": [""U.S.""]}]"	"[{""Label"": ""United States women's national soccer team"", ""Type"": ""O"", ""WikidataId"": ""Q334526"", ""Confidence"": 1.0, ""OccurrenceOffsets"": [9, 258], ""SurfaceForms"": [""U.S. women's national soccer team"", ""U.S. women's national team""]}, {""Label"": ""TIAA Bank Field"", ""Type"": ""N"", ""WikidataId"": ""Q635117"", ""Confidence"": 1.0, ""OccurrenceOffsets"": [135], ""SurfaceForms"": [""TIAA Bank Field""]}, {""Label"": ""Jacksonville, Florida"", ""Type"": ""G"", ""WikidataId"": ""Q16568"", ""Confidence"": 1.0, ""OccurrenceOffsets"": [54], ""SurfaceForms"": [""Jacksonville""]}, {""Label"": ""Costa Rica"", ""Type"": ""G"", ""WikidataId"": ""Q800"", ""Confidence"": 0.991, ""OccurrenceOffsets"": [159, 341], ""SurfaceForms"": [""Costa Rica"", ""Costa Rica""]}]"
N16909	weather	weathertopstories	Adapting, Learning And Soul Searching: Reflecting On Woolsey Fire	Woolsey Fire Anniversary: A community is forever changed by the largest blaze in county history, a harbinger of the catastrophic fire era.	https://assets.msn.com/labs/mind/BBWzQJK.html	"[{""Label"": ""Woolsey Fire"", ""Type"": ""N"", ""WikidataId"": ""Q58445227"", ""Confidence"": 1.0, ""OccurrenceOffsets"": [53], ""SurfaceForms"": [""Woolsey Fire""]}]"	"[{""Label"": ""Woolsey Fire"", ""Type"": ""N"", ""WikidataId"": ""Q58445227"", ""Confidence"": 1.0, ""OccurrenceOffsets"": [0], ""SurfaceForms"": [""Woolsey Fire""]}]"
N47585	lifestyle	lifestylefamily	Family says 13-year-old Broadway star died from massive asthma attack		https://assets.msn.com/labs/mind/BBWzQYV.html	"[{""Label"": ""Broadway theatre"", ""Type"": ""F"", ""WikidataId"": ""Q235065"", ""Confidence"": 0.997, ""OccurrenceOffsets"": [24], ""SurfaceForms"": [""Broadway""]}]"	[]
N7482	sports	more_sports	St. Dominic soccer player tries to kick cancer to the curb	"Sometimes, what happens on the sidelines can be even more important than what happens on the field. That was the case recently for the improving St. Dominic boys soccer team. ""We're led by some great seniors and they're learning a lot,"" said head soccer coach Greg Koeller. Since 2000, the Crusaders have won five state titles. And if that wasn't enough motivation, they have players who provide inspiration. Like No. 2, Clay North. ""Clay is just an..."	https://assets.msn.com/labs/mind/BBWzQnK.html	[]	[]
N34418	sports	soccer_epl	How the Sounders won MLS Cup	Mark, Jeremiah and Casey were so excited they did a postgame podcast.	https://assets.msn.com/labs/mind/BBWzQuK.html	"[{""Label"": ""MLS Cup"", ""Type"": ""U"", ""WikidataId"": ""Q577698"", ""Confidence"": 0.963, ""OccurrenceOffsets"": [21], ""SurfaceForms"": [""MLS Cup""]}, {""Label"": ""Seattle Sounders FC"", ""Type"": ""O"", ""WikidataId"": ""Q632511"", ""Confidence"": 1.0, ""OccurrenceOffsets"": [8], ""SurfaceForms"": [""Sounders""]}]"	[]
N44276	autos	autossports	Best Sports Car Deals for October		https://assets.msn.com/labs/mind/BBy5rVe.html	"[{""Label"": ""Peugeot RCZ"", ""Type"": ""V"", ""WikidataId"": ""Q1357550"", ""Confidence"": 1.0, ""OccurrenceOffsets"": [0], ""SurfaceForms"": [""Best Sports Car""]}]"	[]